product_name,category,review_count,avg_rating,avg_price,cnt_n,rat_n,pop_score
"MILTON Thermosteel Flip Lid 500 ml Flask(Pack of 1, Silver, Steel)",MILTON Thermosteel,9278,4.451067040310412,648.0,0.9999999999999999,0.8385491295030623,0.9354
"cello Pack of 18 Opalware Cello Dazzle Lush Fiesta Opalware Dinner Set, 18 Piece",cello Pack,8870,4.359639233370913,1299.0,0.9560155239327296,0.8116585980502686,0.8983
Home Sizzler 153 cm (5.02 ft) Polyester Room Darkening Window Curtain (Pack Of 2,Home Sizzler,4350,4.4783908045977014,299.0,0.46873652436395,0.8465855307640298,0.6199
"HAIR & CARE Triple Blend Damage Repair Non-Sticky Hair Oil with Aloe Vera, For D",HAIR CARE,1999,4.653326663331666,113.0,0.21528676153514445,0.8980372539210781,0.4884
SAMSUNG EVO Plus 64 GB MicroSDXC Class 10 95 MB/s  Memory Card(With Adapter),SAMSUNG EVO,1999,4.424212106053027,649.0,0.21528676153514445,0.8306506194273606,0.4614
"Canon EOS 3000D DSLR Camera 1 Camera Body, 18 - 55 mm Lens(Black)",Canon EOS,1830,4.483060109289617,30999.0,0.19706770159551532,0.8479588556734168,0.4574
"SAMSUNG 253 L Frost Free Double Door 3 Star Refrigerator(Elegant Inox, RT28A3453",SAMSUNG,1727,4.528662420382165,24490.0,0.18596377749029755,0.8613713001124015,0.4561
Singer FM 1409 Electric Sewing Machine( Built-in Stitches 9),Singer,2003,4.3509735396904645,8499.0,0.21571798188874514,0.8091098646148425,0.4531
"Cosito 144 TC Cotton Double Floral Flat Bedsheet(Pack of 1, Red, White)",Cosito,2322,4.116279069767442,339.0,0.2501078050884002,0.7400820793433653,0.4461
CMerchants Multi Organiser BLue-4 Book Shelf Metal Open Book Shelf(Finish Color ,CMerchants Multi,2399,4.066277615673197,625.0,0.25840879689521346,0.7253757693156462,0.4452
Mi 5A 80 cm (32 inch) HD Ready LED Smart Android TV with Dolby Audio (2022 Model,Other,2205,4.1519274376417235,13999.0,0.23749460974557998,0.7505668934240362,0.4427
"Mi 3i 10000 mAh Power Bank (Fast Charging, 18W)(Blue, Lithium Polymer)",Other,2006,4.261216350947159,1149.0,0.21604139715394566,0.7827106914550466,0.4427
"VICTORY Professional Wrist Wrap Band , Wrist Strap For Gym and Fitness Wrist Sup",VICTORY Professional,1548,4.50968992248062,109.0,0.16666666666666666,0.8557911536707705,0.4423
"Kadio Analog 20 cm X 20 cm Wall Clock(Beige, With Glass, Standard)",Kadio Analog,2380,4.010504201680672,225.0,0.2563605002156102,0.708971824023727,0.4374
LA VERNE Microfibre Stripes Cushion Pack of 3(White),VERNE Microfibre,1770,4.31864406779661,379.0,0.19059939629150496,0.7996011964107677,0.4342
MarQ by Flipkart 18-Litre 18L1200W4HL Oven Toaster Grill (OTG) with 4 Skewers an,MarQ Flipkart,1603,4.407985028072364,2499.0,0.17259594652867616,0.8258779494330482,0.4339
APPLE iPad (9th Gen) 64 GB ROM 10.2 inch with Wi-Fi Only (Space Grey),APPLE iPad,1044,4.67911877394636,29990.0,0.11233290211297974,0.905623168807753,0.4296
Bajaj DX 2 L/W Dry Iron,Bajaj,1790,4.254189944134078,529.0,0.1927554980595084,0.7806441012159051,0.4279
"BAJAJ 15 L Storage Water Geyser (Popular Plus 15 L, White)",BAJAJ,1755,4.253561253561253,5499.0,0.18898231996550235,0.7804591922238979,0.4256
Dettol Effective Protection Antiseptic Liquid(1000 ml),Dettol Effective,1058,4.613421550094518,349.0,0.11384217335058215,0.8863004559101524,0.4228
APPLE 2020 Macbook Air M1 - (8 GB/256 GB SSD/Mac OS Big Sur) MGN93HN/A(13.3 inch,APPLE Macbook,752,4.780585106382978,86990.0,0.08085381630012937,0.9354662077596994,0.4227
Thomson Alpha 80 cm (32 inch) HD Ready LED Smart Linux TV with 30 W Sound Output,Thomson Alpha,1200,4.505833333333333,7999.0,0.12915049590340663,0.8546568627450979,0.4194
"POCO C31 (Royal Blue, 64 GB)??(4 GB RAM)",POCO,1999,4.013506753376689,7499.0,0.21528676153514445,0.7098549274637318,0.4131
FLIPZON Baby 6 Shelve Unbreakable Material PVC Collapsible Wardrobe(Finish Color,FLIPZON Baby,1306,4.388208269525268,1095.0,0.14057783527382492,0.820061255742726,0.4124
"NIVIA Storm Football - Size: 5(Pack of 1, Multicolor)",NIVIA Storm,1802,4.091009988901221,429.0,0.19404915912031048,0.7326499967356532,0.4095
"ZunVolt Power MG5 500 Mixer Grinder (3 Jars, White)",ZunVolt Power,10,5.0,1290.0,0.00086244070720138,1.0,0.4005
BAJAJ FX7 600 W Food Processor,BAJAJ,10,5.0,6390.0,0.00086244070720138,1.0,0.4005
Stylish Brown Sports Men Watches Multifunctional Luxury Waterproof Modern Digita,Stylish Brown,5,5.0,404.0,0.00032341526520051754,1.0,0.4002
LS2917 Mesh Strap All Black Avatar Day and Date Functioning Quartz Analog Watch ,Mesh Strap,2,5.0,299.0,0.0,1.0,0.4
"Pack of 2 Solid Men Dark Grey, Grey Casual Shorts",Pack,1347,4.253155159613957,319.0,0.144997843898232,0.7803397528276343,0.3991
AGARO Regal Hand-held Vacuum Cleaner(Black),AGARO Regal,1582,4.118204804045512,1599.0,0.17033203967227253,0.7406484717780919,0.3985
Tanunni Mobile Holder Mobile Holder,Tanunni Mobile,1024,4.421875,171.0,0.11017680034497629,0.8299632352941175,0.3981
"NIVEA Soft Light Moisturizer for Face, Hand & Body, Non-Sticky Cream with Vitami",NIVEA Soft,920,4.461956521739131,142.0,0.09896507115135834,0.8417519181585678,0.3961
"Lopezs Microfiber Floor Mat(Grey-23mm, Medium)",Lopezs Microfiber,21,4.9523809523809526,229.0,0.0020482966796032775,0.9859943977591037,0.3956
Google Nest Mini (2nd Gen) with Google Assistant Smart Speaker??(Chalk),Google Nest,1662,4.031287605294826,3499.0,0.17895644674428632,0.7150845897925957,0.3934
"boAt Wave Neo with 1.69 inch , 2.5D Curved Display & Multiple Sports Modes Smart",boAt Wave,1617,4.044526901669759,1699.0,0.17410521776627857,0.7189785004911053,0.3921
"RIAN Animal Single Mink Blanket for  Mild Winter(Polyester, Brown, Grey)",RIAN Animal,1398,4.162374821173104,599.0,0.1504959034066408,0.7536396532862071,0.3918
"Pigeon Favourite Electric Kettle??(1.5 L, Silver, Black)",Pigeon Favourite,1879,3.887174028738691,699.0,0.20235015092712375,0.6726982437466738,0.3905
mCaffeine Coffee Moment Festive Skincare Gift Set| Daily Essentials for all skin,mCaffeine Coffee,172,4.819767441860465,1199.0,0.018326865028029323,0.9469904240766074,0.3898
Suncrown Furniture Sheesham Wood Solid Wood 2 Seater(Finish Color - Honey Finish,Suncrown Furniture,29,4.896551724137931,2692.0,0.0029107373868046574,0.969574036511156,0.3896
"Viscose Blend Solid, Self Design Grey Men Dupatta",Viscose Blend,10,4.9,369.0,0.00086244070720138,0.9705882352941178,0.3888
"Viscose Blend Solid, Self Design Beige Men Dupatta",Viscose Blend,10,4.9,369.0,0.00086244070720138,0.9705882352941178,0.3888
"Viscose Blend Solid, Self Design Dark Blue Men Dupatta",Viscose Blend,10,4.9,369.0,0.00086244070720138,0.9705882352941178,0.3888
"Viscose Blend Solid, Self Design Black Men Dupatta",Viscose Blend,10,4.9,369.0,0.00086244070720138,0.9705882352941178,0.3888
"DOJI 6 watt color-WarmWhite,spot light,focus light,wall light Track Lights Ceili",DOJI watt,10,4.9,599.0,0.00086244070720138,0.9705882352941178,0.3888
Supreme Bazaar Abs Setup Box Holder Unbreakable Crystal Clear Premium Quality Se,Supreme Bazaar,10,4.9,254.0,0.00086244070720138,0.9705882352941178,0.3888
38024PP25 Minimalists Analog Watch  - For Men,Minimalists Analog,9,4.888888888888889,850.0,0.0007546356188012075,0.9673202614379086,0.3874
Men Checkered Single Breasted Formal Blazer??(Grey),Men Checkered,24,4.875,3315.6666666666665,0.002371711944803795,0.963235294117647,0.3867
"BAJAJ 17 L Solo Microwave Oven(1701MT, White)",BAJAJ,697,4.502152080344333,4498.0,0.07492453643811989,0.8535741412777449,0.3864
Omi Cart 2 in 1 Floor Brush Scrubber with Long Handle Plastic(Green),Omi Cart,16,4.875,299.0,0.001509271237602415,0.963235294117647,0.3862
LS2727 Avatar Day and Date Functioning Crocodile Strap Analog Analog Watch  - Fo,Avatar Day,8,4.875,284.0,0.000646830530401035,0.963235294117647,0.3857
Seagate One Touch with Password Protection for Windows & Mac with 3 years Data R,Seagate One,1060,4.287735849056604,5462.301886792453,0.1140577835273825,0.7905105438401776,0.3846
"Men Solid Single Breasted Formal, Wedding Blazer??(Blue)",Men Solid,96,4.8125,2299.0,0.010133678309616215,0.9448529411764706,0.384
"PHILIPS MMS8085B/94 Convertible 80 W Bluetooth Home Theatre(Black, 2.1 Channel)",PHILIPS Convertible,1231,4.185215272136475,6999.0,0.13249245364381199,0.7603574329813161,0.3836
"Candes 60 L Room/Personal Air Cooler??(White, Black, CRETA)",Candes,26,4.846153846153846,8999.0,0.00258732212160414,0.9547511312217194,0.3835
"Men Solid Single Breasted Formal, Wedding Blazer??(Black)",Men Solid,32,4.8125,2299.0,0.003234152652005175,0.9448529411764706,0.3799
"Men Solid Single Breasted Formal, Wedding Blazer??(Brown)",Men Solid,32,4.8125,2199.0,0.003234152652005175,0.9448529411764706,0.3799
APPLE iPad (9th Gen) 64 GB ROM 10.2 inch with Wi-Fi Only (Silver),APPLE iPad,249,4.674698795180723,29990.0,0.026627856834842603,0.904323175053154,0.3777
Moonstruck SEABREEZE DELUX COMBO PACK mixer and iron 550 watt 550 Juicer Mixer G,Moonstruck SEABREEZE,20,4.8,1614.0,0.001940491591203105,0.9411764705882353,0.3776
"RSV Jewelery Organizers(Red, Black, Plastic)",RSV Jewelery,10,4.8,299.0,0.00086244070720138,0.9411764705882353,0.377
US DZIRE  512 Ganeshji craft Ceiling light wooden lamp shade (With Bulb) Hanging,DZIRE,100,4.75,440.0,0.010564898663216905,0.9264705882352942,0.3769
Men Solid Double Breasted Casual Blazer??(Blue),Men Solid,28,4.785714285714286,3039.0,0.002802932298404485,0.9369747899159664,0.3765
DRAMIQ Beautiful Kapoor Dani/Aroma Diffuser Cum Night Lamp Electrical Camphor Di,DRAMIQ Beautiful,88,4.75,240.0,0.009271237602414835,0.9264705882352942,0.3762
Pureit Advanced Plus RO+MF+MP 7 L RO + MF Water Purifier(Black),Pureit Advanced,396,4.5732323232323235,7799.0,0.04247520482966796,0.8744800950683305,0.3753
"3D METRO SUPER STORE METRO_MIXER Pro 0 Juicer (1 Jar, Multicolor)",METRO SUPER,28,4.75,199.0,0.002802932298404485,0.9264705882352942,0.3723
Men Solid Single Breasted Casual Blazer??(Purple),Men Solid,35,4.742857142857143,3039.0,0.0035575679172056922,0.9243697478991597,0.3719
Men Self Design Single Breasted Casual Blazer??(Yellow),Men Self,35,4.742857142857143,3199.0,0.0035575679172056922,0.9243697478991597,0.3719
Men Solid Single Breasted Casual Blazer??(Grey),Men Solid,35,4.742857142857143,3199.0,0.0035575679172056922,0.9243697478991597,0.3719
Men Solid Single Breasted Casual Blazer??(Orange),Men Solid,35,4.742857142857143,3199.0,0.0035575679172056922,0.9243697478991597,0.3719
HP Pavilion Ryzen 5 Hexa Core AMD R5-5600H - (8 GB/512 GB SSD/Windows 10/4 GB Gr,Pavilion Ryzen,637,4.409733124018838,59990.0,0.06845623113410954,0.8263920952996582,0.3716
"DDecora Combo Of 450 ML Vegetable Chopper, Stainless-Steel Whisk and Masher(Pack",DDecora Combo,16,4.75,169.0,0.001509271237602415,0.9264705882352942,0.3715
HP Pavilion Ryzen 5 Hexa Core AMD R5-5600H - (8 GB/512 GB SSD/Windows 11 Home/4 ,Pavilion Ryzen,34,4.735294117647059,67490.0,0.0034497628288055198,0.9221453287197232,0.3709
SUJATA POWERMANIC WITH ALUMINIUM BASED COMMERCIAL JUG POWERMATIC 900 Juicer (1 J,SUJATA POWERMANIC,19,4.7368421052631575,5499.0,0.0018326865028029326,0.9226006191950462,0.3701
"IFB 23 L Convection Microwave Oven(23SC3, Silver)",IFB,360,4.5472222222222225,9499.0,0.038594221647261756,0.8668300653594772,0.3699
Hamlay by SIGRI-WALA Pack of 40 Melamin Pink Dahlia Dinner Set(Multicolor),Hamlay,195,4.630769230769231,1299.0,0.02080638206123329,0.8914027149321269,0.369
77085PP03 Volt Analog Watch  - For Men,Volt Analog,45,4.711111111111111,699.0,0.0046356188012074175,0.9150326797385622,0.3688
Men Cargos,Men Cargos,2000,3.636,423.395,0.21539456662354461,0.5988235294117648,0.3688
Chhariya Crafts Metal Krishna with Cow Standing Under Tree Plying Flute Decorati,Chhariya Crafts,100,4.68,298.0,0.010564898663216905,0.9058823529411764,0.3687
BAJAJ Waterproof 1500 W Shock Proof Immersion Heater Rod??(water),BAJAJ Waterproof,89,4.685393258426966,659.0,0.009379042690815007,0.9074686054196959,0.3686
Hafele Aqua 12S Free Standing 12 Place Settings Intensive Kadhai Cleaning| No Pr,Hafele Aqua,18,4.722222222222222,29990.0,0.0017248814144027599,0.9183006535947713,0.3684
ZANDU Balm (25 ml) Pack Of 3 Balm(3 x 25 ml),ZANDU Balm,250,4.592,216.0,0.026735661923242775,0.8799999999999999,0.368
"Crompton 75 L Desert Air Cooler??(White, Teal, ACGC-DAC751)",Crompton,1183,4.076923076923077,9999.0,0.1273178094006037,0.7285067873303166,0.3678
Hindware Nevio Plus 60  Auto Clean Wall Mounted Chimney??(Black 1400 CMH),Hindware Nevio,310,4.554838709677419,13999.0,0.03320396722725313,0.8690702087286526,0.3676
Men Casual Brown Artificial Leather Wallet - Mini??(5 Card Slots),Men Casual,830,4.268674698795181,199.0,0.08926261319534283,0.784904323175053,0.3675
"Dinine Craft Set of 4 Showpiece for Home Decor, Handicraft Showpiece for Table, ",Dinine Craft,200,4.615,199.0,0.021345407503234153,0.8867647058823529,0.3675
Printed Men Three Fourths,Printed Men,1118,4.107334525939177,377.3550983899821,0.1203104786545925,0.7374513311585815,0.3672
"PHILIPS HR1832/00 500 W Juicer (1 Jar, Ink Black)",PHILIPS,616,4.3814935064935066,6498.0,0.06619232427770591,0.8180863254392665,0.3669
Hamlay by SIGRI-WALA Pack of 40 Melamin Red Marigold Dinner Set(Multicolor),Hamlay,230,4.591304347826087,1299.0,0.024579560155239325,0.8797953964194374,0.3667
"Flipkart SmartBuy SLICK Multi Angle Mobile Stand. Phone Holder. Portable,Foldabl",Flipkart SmartBuy,20,4.7,179.0,0.001940491591203105,0.911764705882353,0.3659
Home Sizzler 214 cm (7.02 ft) Polyester Semi Transparent Door Curtain (Pack Of 2,Home Sizzler,399,4.491228070175438,399.0,0.042798620094868484,0.850361197110423,0.3658
"Velvet Self Design, Embroidered Maroon Men Dupatta",Velvet Self,10,4.7,423.0,0.00086244070720138,0.911764705882353,0.3652
Faber FFSD 8PR 14S Free Standing 14 Place Settings Intensive Kadhai Cleaning| No,Faber FFSD,10,4.7,41990.0,0.00086244070720138,0.911764705882353,0.3652
SQUARO ONLINE STORE Unbreakable Setup Box stand/WiFi Router/DTH Telephone/Mobile,SQUARO ONLINE,32,4.6875,228.0,0.003234152652005175,0.9080882352941175,0.3652
"Saral Home Brown Polyester Runner(45 cm,  X 120 cm, Rectangle)",Saral Home,10,4.7,484.0,0.00086244070720138,0.911764705882353,0.3652
PAPILON 6 Shades Of Liquid Food Color (20 Ml X 6 Bottle) Multicolor(120 ml),PAPILON Shades,40,4.675,160.0,0.004096593359206555,0.9044117647058822,0.3642
7SEVEN Airtel DTH Remote Airtel Xstream Remote Compatible with SD and HD Recordi,Airtel DTH,16,4.6875,219.0,0.001509271237602415,0.9080882352941175,0.3641
"PRO365 LED Magic Night Lamp Night Lamp(12 cm, Multicolor)",LED Magic,19,4.684210526315789,279.0,0.0018326865028029326,0.9071207430340555,0.3639
"SUSI Jewelery Organizers(Red, Plastic)",SUSI Jewelery,170,4.6,283.0,0.018111254851228976,0.8823529411764703,0.3638
Men Casual Brown Artificial Leather Money Clip - Mini??(8 Card Slots),Men Casual,430,4.455813953488372,159.0,0.04614057783527383,0.8399452804377563,0.3637
LIVPURE LIV-PEP-PRO-PLUS+ 7 L RO + UV + UF Water Purifier with Taste Enhancer(Wh,LIVPURE,390,4.476923076923077,8199.0,0.04182837429926693,0.846153846153846,0.3636
"Logitech G213 / Lightsync RGB, Spill-resistant, Palm-rest, Customizable Keys Wir",Logitech,66,4.651515151515151,3595.0,0.0068995256576110395,0.8975044563279857,0.3631
"Haier 6.5 kg 5 star Ariel Wash Fully Automatic Top Load Brown, Grey(HWM65-FE)",Haier,667,4.31784107946027,12990.0,0.07169038378611471,0.7993650233706675,0.3628
FLORICAN Height and Angle Adjustable Mobile Holder,FLORICAN Height,200,4.575,278.0,0.021345407503234153,0.875,0.3628
"Mivi Fort S16 Soundbar with 2 full range drivers, Made in India 16 W Bluetooth S",Mivi Fort,400,4.4625,1499.0,0.042906425183268655,0.8419117647058825,0.3625
Men Solid Double Breasted Casual Blazer??(Grey),Men Solid,24,4.666666666666667,3039.0,0.002371711944803795,0.9019607843137256,0.3622
Nova Plus Amaze NI 10 1100 W Dry Iron??(Grey & Turquoise),Nova Plus,97,4.618556701030927,494.0,0.010241483398016386,0.8878107944208609,0.3613
"NEUDOT RELISH Engineered Wood Computer Desk(Straight, Finish Color - TEAK, Knock",NEUDOT RELISH,98,4.612244897959184,4715.0,0.01034928848641656,0.8859543817527011,0.3606
PAPILON 10 Shades Of Liquid Food Color (20 Ml X 10 Bottle) Multicolor(20 ml),PAPILON Shades,100,4.61,220.0,0.010564898663216905,0.8852941176470588,0.3605
"Elgi Ultra FASTGRIND Wet Grinder??(Red, White)",Elgi Ultra,23,4.6521739130434785,10000.0,0.0022639068564036225,0.8976982097186701,0.3604
"TP-Link Archer C20 AC WiFi 750 MBPS Wireless Router??(Blue, Dual Band)",Archer,798,4.224310776942356,1599.0,0.08581285036653731,0.7718561108653987,0.3602
Urban Terrain Rio with Complete Accessories & Mobile Tracking App 26 T Hybrid Cy,Urban Terrain,199,4.552763819095477,5499.0,0.02123760241483398,0.8684599467927874,0.3601
"Kraft Seeds Combo Pack of Cultivation with Heavy Duty Claw Gloves, Multicolour G",Kraft Seeds,90,4.611111111111111,369.0,0.00948684777921518,0.8856209150326795,0.3599
ASUS TUF Gaming F15 Core i5 10th Gen - (8 GB/512 GB SSD/Windows 11 Home/4 GB Gra,ASUS TUF,377,4.450928381962865,58990.0,0.04042690815006469,0.8385083476361368,0.3597
AGARO Imperial Slow Juicer_ 240 Juicer (Grey),AGARO Imperial,235,4.527659574468085,12999.0,0.02511858559724019,0.8610763454317898,0.3595
"Google 30W - 5A ,USB-C,Power Adaptor for Google devices??(White)",Google,108,4.592592592592593,2199.0,0.011427339370418284,0.8801742919389977,0.3589
BOSCH SMS66GI01I Free Standing 13 Place Settings Intensive Kadhai Cleaning| No P,BOSCH Free,177,4.553672316384181,44890.0,0.018865890470030185,0.8687271518777002,0.3588
"Butterfly Rapid Plus 750 W Mixer Grinder (5 Jars, Ink Blue)",Butterfly Rapid,980,4.109183673469388,3399.0,0.1054333764553687,0.7379951980792316,0.3585
"SportSoul Cotton Gym & Athletic Abdomen Support(Grey, Black)",SportSoul Cotton,1100,4.042727272727273,249.0,0.1183699870633894,0.7184491978609626,0.3584
"BAJAJ Crest Neo 1200 mm 3 Blade Ceiling Fan(White, Pack of 1)",BAJAJ Crest,1108,4.037003610108303,1329.0,0.11923242777059077,0.7167657676789125,0.3582
ASUS Vivobook Pro 15 Ryzen 7 Octa Core AMD R7-4800H - (16 GB/512 GB SSD/Windows ,ASUS Vivobook,71,4.605633802816901,66990.0,0.007438551099611902,0.8840099420049707,0.3581
BeeSmart Semi Automatic Water Level Controller Manual on Auto Off 30 A Relay Mod,BeeSmart Semi,11,4.636363636363637,629.0,0.0009702457956015525,0.893048128342246,0.3578
MSI Core i5 11th Gen - (8 GB/512 GB SSD/Windows 10 Home/4 GB Graphics/NVIDIA GeF,MSI Core,305,4.468852459016394,63600.0,0.03266494178525227,0.8437801350048217,0.3571
Men LPMXT-800 Grey Clogs Sandal,Men Grey,931,4.120300751879699,519.0,0.10015092712376025,0.7412649270234408,0.3566
V-Guard Prime 1150 Pure Sine Wave Inverter,Prime,437,4.391304347826087,6591.0,0.04689521345407503,0.8209718670076727,0.3565
MANGALAM Camphor Tablet 100g Jar - Pack of 1,MANGALAM Camphor,400,4.41,195.0,0.042906425183268655,0.8264705882352941,0.3563
Men Regular Fit Black Cotton Blend Trousers,Men Regular,1517,3.7916941331575478,409.0,0.1633247089262613,0.6446159215169258,0.3558
Urban Terrain Denver with Complete Accessories & Mobile Tracking App 27.5 T Hybr,Urban Terrain,200,4.51,6719.0,0.021345407503234153,0.8558823529411763,0.3552
Urban Terrain Berlin with Complete Accessories & Mobile Tracking App 27.5 T Hybr,Urban Terrain,200,4.51,6949.0,0.021345407503234153,0.8558823529411763,0.3552
ASUS TUF Gaming A17 with 90Whr Battery Ryzen 5 Hexa Core AMD R5-4600H - (8 GB/51,ASUS TUF,244,4.483606557377049,63990.0,0.02608883139284174,0.8481195756991322,0.3549
"Mi 22.5W Quick Charger combo for Mi,Redmi,Xiomi devices (Type C- Cable Included)",Quick,300,4.446666666666666,649.0,0.032125916343251404,0.8372549019607842,0.3542
Faber Hood Mercury Pro HC SC FL BK 60 Auto Clean Wall Mounted Chimney??(Black 12,Faber Hood,20,4.6,9990.0,0.001940491591203105,0.8823529411764703,0.3541
"Kraft Seeds 7KB395XY Garden Shear, Cutter for multi purpose use with Smart Lock ",Kraft Seeds,48,4.583333333333333,242.0,0.004959034066407935,0.8774509803921566,0.354
TW0TG7304 Analog Watch  - For Men,Analog Watch,240,4.475,649.0,0.02565761103924105,0.8455882352941175,0.3536
KJR_32 KJR_32 Analog Watch  - For Men,Analog,142,4.528169014084507,209.0,0.015092712376024149,0.8612261806130903,0.3535
Faber FFSD 6PR 12S Neo Black Free Standing 12 Place Settings Dishwasher,Faber FFSD,10,4.6,25990.0,0.00086244070720138,0.8823529411764703,0.3535
Google Chromecast with TV (4K) Media Streaming Device??(Snow),Google Chromecast,10,4.6,6387.0,0.00086244070720138,0.8823529411764703,0.3535
"Alex Daisy Universal Plastic Desk Chair(Finish Color - Pink & White, DIY(Do-It-Y",Alex Daisy,10,4.6,9950.0,0.00086244070720138,0.8823529411764703,0.3535
"Men Formal, Casual Blue Artificial Leather Wallet - Regular Size??(8 Card Slots)",Men Casual,535,4.310280373831776,280.0,0.05746011211729194,0.7971412864211105,0.3533
LG DFB424FP Free Standing 14 Place Settings Intensive Kadhai Cleaning| No Pre-ri,Free,36,4.583333333333333,52990.0,0.0036653730056058647,0.8774509803921566,0.3532
SUPRIMO mixer/juicer/grinder combo 3 jar 750 watt STAR-J3 750 Juicer Mixer Grind,SUPRIMO combo,47,4.574468085106383,1329.0,0.004851228978007762,0.8748435544430537,0.3528
"SAMSUNG 28 L Convection Microwave Oven(MC28A5025VP, Black with Pattern)",SAMSUNG,38,4.578947368421052,14190.0,0.00388098318240621,0.8761609907120742,0.3528
LEADER TORFIN 26T MTB Bicycle without Gear Single Speed with FS DD Brake 26 T Mo,LEADER TORFIN,300,4.433333333333334,6499.0,0.032125916343251404,0.8333333333333333,0.3526
HERSHEY'S Cocoa Powder,Cocoa Powder,300,4.433333333333334,231.0,0.032125916343251404,0.8333333333333333,0.3526
"URBANYOG Hair Removal Cream Spray for Womens Hand, Leg & Under Arm, Painless Hai",URBANYOG Hair,100,4.54,499.0,0.010564898663216905,0.8647058823529412,0.3522
"HERO Skyper 26T 26 T Mountain/Hardtail Cycle(Single Speed, Black)",HERO Skyper,120,4.525,5999.0,0.012721000431220354,0.8602941176470589,0.3518
"CLOTHOLOGY 144 TC Cotton Double Printed Flat Bedsheet(Pack of 1, Green)",CLOTHOLOGY,1135,3.9647577092511015,329.0,0.12214316515739544,0.6955169733091475,0.3515
Eurodomo Hood Indigo PRO HC SC FL BK 60 Auto Clean Wall Mounted Chimney??(Black ,Eurodomo Hood,418,4.351674641148326,7599.0,0.04484691677447176,0.8093160709259781,0.3506
"SUJATA by SUJATA Powermatic 900 W Juicer (1 Jar, White)",SUJATA SUJATA,200,4.47,5190.0,0.021345407503234153,0.8441176470588234,0.3505
Siemens SN26L201IN/SN256W01GI Free Standing 12 Place Settings Dishwasher,Siemens Free,14,4.571428571428571,45550.0,0.00129366106080207,0.8739495798319326,0.3504
"QUANTUM QHM9850 Mechanical Keyboard Wired USB Gaming Keyboard(Grey, Black)",QUANTUM Mechanical,23,4.565217391304348,1499.0,0.0022639068564036225,0.8721227621483374,0.3502
D&V ENGINEERING 2 Compartments Iron Remote control holder /stand /organizer for ,ENGINEERING,104,4.519230769230769,478.0480769230769,0.010996119016817595,0.8585972850678731,0.35
"Pack of 2 Solid Men Black, Blue Casual Shorts",Pack,360,4.377777777777778,319.0,0.038594221647261756,0.8169934640522876,0.35
Pediasure Complete Balanced Nutrition to Help Kids Grow Nutrition Drink(2x0.5 kg,Pediasure Complete,100,4.52,1278.0,0.010564898663216905,0.8588235294117645,0.3499
"ArrowMax Professional Anti-slip Fitness (Black , pack of 2 ) Easy comfort Wrist ",ArrowMax Professional,100,4.52,245.0,0.010564898663216905,0.8588235294117645,0.3499
"SUSI by SUSI Jewelery Organizers(Green, Plastic)",SUSI SUSI,100,4.52,173.0,0.010564898663216905,0.8588235294117645,0.3499
PF With Pickfully Cotton Solid Chair Pad Pack of 2(Blue),With Pickfully,16,4.5625,160.0,0.001509271237602415,0.8713235294117647,0.3494
"MOTOROLA AmphisoundX Atom with HDMI Arc 120 W Bluetooth Soundbar(Black, 2.1 Chan",MOTOROLA AmphisoundX,200,4.46,5499.0,0.021345407503234153,0.8411764705882352,0.3493
"Mi 10W Fast Charger combo for Mi,Redmi,Xiomi devices (MicroUSB - Cable Included)",Fast,50,4.54,499.0,0.00517464424320828,0.8647058823529412,0.349
"Apple 20W ,USB-C Power Charging Adapter for iPhone, iPad & AirPods??(White)",Apple,290,4.406896551724138,1899.0,0.031047865459249677,0.8255578093306288,0.3489
Lighthouse 3 Lights Round Cluster Chandelier Black Diamond Hanging Pendant Light,Lighthouse Lights,100,4.51,719.0,0.010564898663216905,0.8558823529411763,0.3487
AGAMI Green 2 Layer Lucky Bamboo plant with Big Round Glass Pot and Colored Jell,AGAMI Green,200,4.455,279.0,0.021345407503234153,0.8397058823529411,0.3487
Copper String LED light 10 MTR 100 LED USB Operated Decorative Lights 100 LEDs 1,Copper String,200,4.455,190.0,0.021345407503234153,0.8397058823529411,0.3487
SMBT Anti Theft System Security Pad Lock with Burglar Smart Alarm Siren Motion S,SMBT Anti,18,4.555555555555555,388.0,0.0017248814144027599,0.8692810457516338,0.3487
"IFB Neptune SX1 Free Standing 15 Place Settings with Germ-Free Hygienic Wash, Ma",IFB Neptune,150,4.48,44490.0,0.015955153083225527,0.8470588235294119,0.3484
LIMETRO STEEL Pack of 36 Stainless Steel Stainless Steel Dinner Set (Laser Print,LIMETRO STEEL,49,4.530612244897959,1639.0,0.005066839154808107,0.8619447779111644,0.3478
"Dr Ortho Knee Cap for Pain Relief, Sports, Gym, Exercise, Running for Men & Wome",Ortho Knee,200,4.445,260.0,0.021345407503234153,0.8367647058823529,0.3475
"MAHARAJA WHITELINE 65 L Desert Air Cooler??(White, Grey, Rambo Grey / AC-303)",MAHARAJA WHITELINE,780,4.123076923076923,7999.0,0.08387235877533421,0.7420814479638007,0.3472
"Scotch-Brite Silver Sparks Scrub Pad(Regular, Pack of 3)",Silver Sparks,30,4.533333333333333,263.0,0.00301854247520483,0.8627450980392155,0.3469
"RSV Jewelery Organizers(Red, Plastic)",RSV Jewelery,100,4.49,204.0,0.010564898663216905,0.8500000000000001,0.3463
"Saral Home Jute Door Mat(Green, Medium, Pack of 3)",Saral Home,100,4.49,484.0,0.010564898663216905,0.8500000000000001,0.3463
Spotzero by Milton Prime Spin Mop,Spotzero Milton,290,4.382758620689655,1299.0,0.031047865459249677,0.8184584178498986,0.346
Men Self Design Single Breasted Formal Blazer??(Beige),Men Self,15,4.533333333333333,4199.0,0.0014014661492022424,0.8627450980392155,0.3459
"Revital Men Multivitamin with Calcium, Zinc & Ginseng for Immunity, Strong Bones",Revital Men,300,4.376666666666667,240.0,0.032125916343251404,0.8166666666666667,0.3459
"Prestige Plus Atlas 750 W Juicer Mixer Grinder (4 Jars, Blue, White)",Prestige Plus,904,4.043141592920354,3249.0,0.09724018973695558,0.7185710567412806,0.3458
Hindware Ripple 90 Auto Clean Wall Mounted Chimney??(Black 1350 CMH),Hindware Ripple,567,4.227513227513228,14299.0,0.06090987494609746,0.7727980080921257,0.3457
NOVA Submersible NIH 426 Instant Heat 1500 W Immersion Heater Rod??(water),NOVA Submersible,142,4.457746478873239,404.0,0.015092712376024149,0.840513670256835,0.3453
"Mi 18W Quick Charger for Mi,Redmi,Xiomi devices??(Black)",Quick,119,4.470588235294118,499.0,0.012613195342820181,0.8442906574394464,0.3453
"CELLBELL Aries C160 High Back Mesh Office Adjustable Arm Chair(Black, DIY(Do-It-",CELLBELL Aries,25,4.52,7599.0,0.0024795170332039674,0.8588235294117645,0.345
Voltas Beko DT8S Free Standing 8 Place Settings Dishwasher,Voltas Beko,27,4.518518518518518,23479.0,0.0026951272100043124,0.8583877995642699,0.345
MOTOROLA 8 kg Smart Wi-Fi Enabled Inverter Technology Fully Automatic Top Load G,MOTOROLA,584,4.210616438356165,16990.0,0.06274256144890039,0.7678283642224013,0.3448
WD 1.5 TB Wired External Hard Disk Drive (HDD)(Black),Other,671,4.160953800298063,4449.0,0.0721216041397154,0.7532217059700184,0.3446
"Scotch-Brite Sponge Wipe(Large, Pack of 3)",Sponge,162,4.438271604938271,189.0,0.017248814144027597,0.8347857661583151,0.3443
realme Pad X 6 GB RAM 128 GB ROM 11 inch with Wi-Fi+5G Tablet (Glowing Grey),realme Pad,369,4.322493224932249,27999.0,0.03956446744286331,0.8007333014506615,0.344
HF MRF GRAND Edition VK - 18 Full Size ( Ideal For 15-21 Years ) Complete Cricke,MRF GRAND,137,4.445255474452555,3699.0,0.014553686934023287,0.8368398454272219,0.3435
"Flipkart SmartBuy CFXB18 Electric Rice Cooker??(1.8 L, White, Blue)",Flipkart SmartBuy,902,4.021064301552107,1599.0,0.09702457956015524,0.7120777357506196,0.343
New Combo Of Square Dial Black and White Silicone Strap Analog Watch  - For Men,New Combo,100,4.46,287.0,0.010564898663216905,0.8411764705882352,0.3428
"LG 20 L Solo Microwave Oven(MS2043DB, Black)",Other,296,4.351351351351352,5990.0,0.03169469598965072,0.809220985691574,0.3427
"MOTOROLA MOTODW12PS Free Standing 12 Place Settings with UV Sterilisation, Flexi",MOTOROLA Free,22,4.5,26990.0,0.00215610176800345,0.8529411764705881,0.3425
"Theme My Party Printed Birthday decoration combo kit, birthday combo Balloon(Mul",Theme Party,200,4.4,245.0,0.021345407503234153,0.8235294117647058,0.3422
"boAt Aavante Bar 2000 160 W Bluetooth Soundbar(Premium Black, 2.1 Channel)",boAt Aavante,241,4.377593360995851,9999.0,0.025765416127641223,0.816939223822309,0.3422
"Noise ColorFit Icon 2 1.8 Display, Bluetooth Calling, AI Voice Assistance Smartw",Noise ColorFit,348,4.316091954022989,2199.0,0.03730056058645968,0.7988505747126438,0.3419
Men Self Design Single Breasted Formal Blazer??(Dark Blue),Men Self,12,4.5,3249.0,0.001078050884001725,0.8529411764705881,0.3418
MarQ by Flipkart 8 kg 5 Star Engineered with Panasonic Technology Fully Automati,MarQ Flipkart,483,4.236024844720497,14790.0,0.05185424752048297,0.775301424917793,0.3412
"MOTOROLA AmphisoundX Dolby with HDMI Arc 120 W Bluetooth Soundbar(Metallic Grey,",MOTOROLA AmphisoundX,60,4.466666666666667,6499.0,0.006252695127210005,0.8431372549019607,0.341
"furlay Engineered Wood Study Table(Free Standing, Finish Color - Black, Walnut S",furlay Engineered,200,4.39,3399.0,0.021345407503234153,0.8205882352941174,0.341
The Moms Co. Natural Vita Rich Face Care Kit for Skin Brightening | Daily Skin C,The Moms,72,4.458333333333333,629.0,0.007546356188012074,0.8406862745098038,0.3408
"Urban Terrain BOLT UT5000S26 Steel MTB-Disc Brakes, Free Installation & OneFitPl",Urban Terrain,100,4.44,7609.0,0.010564898663216905,0.835294117647059,0.3405
RedShell High Quality 2000 W Shock Proof Immersion Heater Rod??(Water),RedShell High,290,4.3310344827586205,290.0,0.031047865459249677,0.8032454361054766,0.3399
mCaffeine Vitamin C Green Tea Face Serum for Glowing Skin with Hyaluronic Acid(4,mCaffeine Vitamin,196,4.38265306122449,549.0,0.020914187149633463,0.8184273709483794,0.3399
"IFB Neptune VX Free Standing 12 Place Settings with Germ-Free Hygienic Wash, Mad",IFB Neptune,170,4.394117647058824,38490.0,0.018111254851228976,0.8217993079584776,0.3396
WD Elements 2 TB Wired External Hard Disk Drive (HDD)(Black),Elements,148,4.405405405405405,5499.0,0.015739542906425184,0.8251192368839426,0.3395
realme Pad X 6 GB RAM 128 GB ROM 11 inch with Wi-Fi+5G Tablet (Glacier Blue),realme Pad,337,4.299703264094956,27999.0,0.03611470461405779,0.794030371792634,0.3393
"Hillgrove 10in1 Biggers 25W Soldering Iron Kit 25 W Simple(Flat, Pointed Tip)",Hillgrove Biggers,100,4.43,285.0,0.010564898663216905,0.8323529411764705,0.3393
"Nilkamal Plastic Chair(Finish Color - PINK, Pre-assembled)",Nilkamal Plastic,80,4.4375,513.0,0.008408796895213455,0.8345588235294117,0.3389
MarQ by Flipkart 33-Litre 33AOTMQB Oven Toaster Grill (OTG) with 4 Skewers and I,MarQ Flipkart,344,4.290697674418604,3499.0,0.036869340232858996,0.7913816689466482,0.3387
Faber FFSD 6PR 12S Neo Free Standing 12 Place Settings Intensive Kadhai Cleaning,Faber FFSD,17,4.470588235294118,29990.0,0.0016170763260025874,0.8442906574394464,0.3387
Inalsa Inox 1000 Plus 1000 W Food Processor(Black/Silver),Inalsa Inox,26,4.461538461538462,11595.0,0.00258732212160414,0.841628959276018,0.3382
US DZIRE Pendants Ceiling Lamp(Brown),DZIRE Pendants,100,4.42,450.0,0.010564898663216905,0.8294117647058823,0.3381
Velvet Self Design Maroon Men Dupatta,Velvet Self,100,4.42,251.3,0.010564898663216905,0.8294117647058823,0.3381
"cello Pack of 18 Opalware Cello Dazzle Tropical Lagoon Opalware Dinner Set, 18 P",cello Pack,120,4.408333333333333,1299.0,0.012721000431220354,0.8259803921568627,0.338
@Home by nilkamal Walton Engineered Wood TV Entertainment Unit(Finish Color - Cl,nilkamal,54,4.444444444444445,11999.0,0.00560586459680897,0.8366013071895424,0.338
"SAMSUNG 28 L Convection & Grill Microwave Oven(MC28A5013AK, Black)",SAMSUNG,430,4.2372093023255815,10890.0,0.04614057783527383,0.7756497948016416,0.3379
"Saral Home Grey Cotton Runner(70 cm,  X 200 cm, Rectangle)",Saral Home,24,4.458333333333333,872.0,0.002371711944803795,0.8406862745098038,0.3377
TW00ZR347 Analog Watch  - For Men,Analog Watch,200,4.355,599.0,0.021345407503234153,0.8102941176470588,0.3369
"Cosmic Byte CB-GK-05 Titan with Aluminum Body, Rainbow Backlit Keycaps, Braided ",Cosmic Byte,200,4.355,949.0,0.021345407503234153,0.8102941176470588,0.3369
Cycle Om Shanthi Navin Cup Sambrani With Resin & Benzoin Fragrance - Pack Of 4(1,Cycle Shanthi,100,4.41,260.0,0.010564898663216905,0.8264705882352941,0.3369
Nextron NX-AE100 Voltage Stabilizer for Smart LED TV for 32/43/55 inchs+Set Top ,Nextron Voltage,61,4.426229508196721,1142.0,0.006360500215610177,0.8312439729990355,0.3363
"Hillgrove 10in1 Basic 25W Soldering Iron Kit with 5 Meter Solder Wire, Cutter, S",Hillgrove Basic,300,4.293333333333333,267.0,0.032125916343251404,0.7921568627450979,0.3361
"SHF Cotton Door Mat(Multicolor, Medium, Pack of 5)",SHF Cotton,300,4.293333333333333,194.0,0.032125916343251404,0.7921568627450979,0.3361
VICTORY Heavy Plastic Cricket Stumps Set(Blue),VICTORY Heavy,100,4.4,299.0,0.010564898663216905,0.8235294117647058,0.3358
Artesia Folding Sheesham Wood Relaxing Rest Chair Solid Wood 1 Seater Rocking Ch,Artesia Folding,25,4.44,4823.0,0.0024795170332039674,0.835294117647059,0.3356
LS2734 Wolf Gents Exclusive Mesh Strap Analog Analog Watch  - For Men,Wolf Gents,290,4.293103448275862,209.0,0.031047865459249677,0.7920892494929006,0.3355
BLUECHIP BL55SmartTV2.1Amp TV Voltage Stabilizer for LED TV/Smart TV Up to 55 In,BLUECHIP,153,4.366013071895424,1401.0,0.016278568348426045,0.8135332564398305,0.3352
BOSCH SMS66GW01I Free Standing 13 Place Settings Intensive Kadhai Cleaning| No P,BOSCH Free,120,4.383333333333334,42000.0,0.012721000431220354,0.8186274509803921,0.3351
"Velvet Embroidered Gold, Maroon Men Dupatta",Velvet Embroidered,30,4.433333333333334,239.0,0.00301854247520483,0.8333333333333333,0.3351
Flipkart SmartBuy ISI Mark Shock-Proof & Water-Proof 1500 W Immersion Heater Rod,Flipkart SmartBuy,478,4.186192468619247,405.0,0.05131522207848211,0.7606448437115432,0.335
US DZIRE  401 Hanging lamp electric antique Wooden Ceiling Lights(With Gold Bulb,DZIRE,45,4.4222222222222225,440.0,0.0046356188012074175,0.8300653594771241,0.3348
VICTORY Cricket Wind Ball (Pack of 1) - Made in India Smooth Cricket Cricket Syn,VICTORY Cricket,16,4.4375,79.0,0.001509271237602415,0.8345588235294117,0.3347
Mi Box 4k Media Streaming Device??(Black),Box,48,4.416666666666667,3999.0,0.004959034066407935,0.8284313725490196,0.3343
HP 680 Black Ink Cartridge,Black,700,4.057142857142857,852.0,0.0752479517033204,0.722689075630252,0.3342
HP GK320 Wired USB Gaming Keyboard(Black),Wired,100,4.38,1599.0,0.010564898663216905,0.8176470588235294,0.3334
Hindware Ripple 90 Auto Clean Wall Mounted Chimney??(Inox 1350 CMH),Hindware Ripple,257,4.291828793774319,14299.0,0.027490297542043983,0.7917143511100937,0.3332
MSI GF63 Thin Core i5 11th Gen - (8 GB/512 GB SSD/Windows 11 Home/4 GB Graphics/,MSI Thin,37,4.405405405405405,51990.0,0.0037731780940060376,0.8251192368839426,0.3323
"Vero Forza Glide PRO (4 Piece) Thumb & Finger Sleeve for Mobile Game, Pubg, Cod,",Vero Forza,100,4.37,284.0,0.010564898663216905,0.8147058823529412,0.3322
Voltas Beko DT8B Free Standing 8 Place Settings Intensive Kadhai Cleaning| No Pr,Voltas Beko,100,4.37,20990.0,0.010564898663216905,0.8147058823529412,0.3322
Catvision DD FreeDish MPEG2 SD CSR-201SP Media Streaming Device??(Black),Catvision FreeDish,100,4.37,899.0,0.010564898663216905,0.8147058823529412,0.3322
UPC Upgraded Hands Free Squeeze Microfiber Flat Spin Mop 360 Flexible Head - Gre,UPC Upgraded,700,4.04,1260.0,0.0752479517033204,0.7176470588235293,0.3322
"XAMILE Rose Diamond Table Lamp,16 Color Changing RGB Touch & Remote Control Tabl",XAMILE Rose,73,4.383561643835616,476.0,0.007654161276412247,0.8186946011281224,0.3321
LA VERNE Microfibre Stripes Cushion Pack of 5(White),VERNE Microfibre,200,4.31,449.0,0.021345407503234153,0.7970588235294116,0.3316
Men Graphic Print Round Neck Black T-Shirt,Men Graphic,1681,3.4955383700178464,269.0,0.1810047434238896,0.5575112852993664,0.3316
Tanunni Mobile Holder Red Color Mobile Holder,Tanunni Mobile,89,4.370786516853933,155.0,0.009379042690815007,0.814937210839392,0.3316
Unique designed professioal and luxury style different 005 Analog Watch  - For M,Unique designed,100,4.36,269.0,0.010564898663216905,0.8117647058823529,0.331
BLUECHIP 100% Copper BL72SmartTV3.2Amp TV Voltage Stabilizer for LED TV/Smart TV,BLUECHIP Copper,144,4.333333333333333,1547.0,0.015308322552824494,0.8039215686274508,0.3308
Prestige CleanHome Fruit and Vegetable Cleaner (P0Z 1.0 ) 230 Volts Food Process,Prestige CleanHome,108,4.351851851851852,2695.0,0.011427339370418284,0.8093681917211328,0.3306
Classic Essentials Pack of 61 Stainless Steel Dinner Set|Kitchen set for Home|He,Classic Essentials,20,4.4,2599.0,0.001940491591203105,0.8235294117647058,0.3306
LUMINOUS ZELIO+ 1100/12V (E-comm) Pure Sine Wave Inverter,LUMINOUS,427,4.1756440281030445,7299.0,0.04581716257007331,0.7575423612067778,0.3305
Decorhand Teak Wood Rocking Chair For Living Room / Garden - adults/Grand parent,Decorhand Teak,10,4.4,9999.0,0.00086244070720138,0.8235294117647058,0.3299
ESET Total Security 3.0 User 1 Year(CD/DVD),ESET Total,10,4.4,2345.0,0.00086244070720138,0.8235294117647058,0.3299
"Velvet Self Design, Embellished Maroon Men Dupatta",Velvet Self,10,4.4,359.0,0.00086244070720138,0.8235294117647058,0.3299
Butterfly Magic Fruit & Vegetable Cleaner 250 W Food Processor(White),Butterfly Magic,10,4.4,2949.0,0.00086244070720138,0.8235294117647058,0.3299
Acnos Wood Portable Laptop Table(Finish Color - Pink),Acnos Wood,10,4.4,475.0,0.00086244070720138,0.8235294117647058,0.3299
Cherry Wood Rosewood (Sheesham) Solid Wood 4 Seater Dining Set(Finish Color -Tea,Cherry Wood,23,4.391304347826087,13999.0,0.0022639068564036225,0.8209718670076727,0.3297
Microtek MTKBD11S Pure Sine Wave Inverter Pure Sine Wave Inverter,Microtek Pure,268,4.253731343283582,6195.0,0.02867615351444588,0.7805092186128182,0.3294
Men Solid Single Breasted Formal Blazer??(Dark Blue),Men Solid,26,4.384615384615385,4899.0,0.00258732212160414,0.8190045248868778,0.3292
"SHF Cotton Floor Mat(Multicolor, Medium, Pack of 5)",SHF Cotton,275,4.247272727272727,199.0,0.02943078913324709,0.7786096256684492,0.3291
mi star water proof copper blue 2000 2000 W Shock Proof Immersion Heater Rod??(w,star water,220,4.277272727272727,436.0,0.023501509271237602,0.7874331550802138,0.3291
BATANIYA Pack of 46 Melamin Melamine dinner set of 46 pieces Dinner Set(White),BATANIYA Pack,149,4.315436241610739,2780.0,0.015847347994825355,0.7986577181208054,0.329
"Classic Essentials Pack of 68 Stainless Steel Glory Dinner set ,,Silver -Heavy G",Classic Essentials,100,4.34,2912.0,0.010564898663216905,0.8058823529411763,0.3287
"Flipkart SmartBuy CFXB15 Electric Rice Cooker??(1.5 L, White)",Flipkart SmartBuy,679,4.020618556701031,1499.0,0.07298404484691678,0.7119466343238325,0.3286
Self Design Men Three Fourths,Self Design,502,4.117529880478088,500.0,0.05390254420008625,0.7404499648464964,0.3285
Delite Kom Flex Engineered Wood TV Entertainment Unit(Finish Color - Acacia Dark,Delite Kom,21,4.380952380952381,5499.0,0.0020482966796032775,0.8179271708683473,0.3284
NOVA Submersible NIH 430-05 1500 W Immersion Heater Rod??(Water),NOVA Submersible,349,4.197707736389685,494.0,0.037408365674859854,0.7640316871734365,0.3281
LCS-8188 TRENDING DAY & DATE FUNCTIONING Analog Watch  - For Men,TRENDING DAY,200,4.28,299.0,0.021345407503234153,0.7882352941176471,0.3281
"indian armar Engineered Wood Study Table(Free Standing, Finish Color - Black, Ch",indian armar,75,4.346666666666667,2999.0,0.007869771453212592,0.807843137254902,0.3279
PRO365 Uplight Wall Lamp With Bulb,Uplight Wall,100,4.33,199.0,0.010564898663216905,0.8029411764705883,0.3275
"Woodbuzz Engineered Wood Study Table(Free Standing, Finish Color - White, Knock ",Woodbuzz Engineered,63,4.349206349206349,14146.0,0.006576110392410522,0.8085901027077496,0.3274
"Woodbuzz Engineered Wood Study Table(Free Standing, Finish Color - Walnut, Knock",Woodbuzz Engineered,63,4.349206349206349,14146.0,0.006576110392410522,0.8085901027077496,0.3274
"Torche Scholar study table ,desktop table,office table Solid Wood Study Table(Fr",Torche Scholar,42,4.357142857142857,4293.0,0.0043122035360069,0.8109243697478989,0.327
Lenovo IdeaPad 3 Ryzen 5 Hexa Core 5500U - (8 GB/512 GB SSD/Windows 11 Home) 15A,Lenovo IdeaPad,147,4.299319727891157,46999.0,0.01563173781802501,0.7939175670268108,0.3269
BOSCH SMS24AW00I Free Standing 12 Place Settings Intensive Kadhai Cleaning| No P,BOSCH Free,22,4.363636363636363,33990.0,0.00215610176800345,0.8128342245989304,0.3264
Qubo Smart Cam 360 Q100 by HERO GROUP 1080p FHD WiFi CCTV with Intruder Alarm Sy,Qubo Smart,104,4.3173076923076925,2390.0,0.010996119016817595,0.7992081447963801,0.3263
"PUHBRHY Steel Electric Meat Grinders for Kitchen Food Chopper, Meat, Vegetables,",PUHBRHY Steel,28,4.357142857142857,1220.0,0.002802932298404485,0.8109243697478989,0.3261
LUMINOUS Eco Watt Neo 1050 Square Wave Inverter,LUMINOUS Eco,50,4.34,5959.0,0.00517464424320828,0.8058823529411763,0.3255
"TWISTO Lint Cutter for Clothes & Sweater Fabric Shaver, NOVA Lint Shaver Under 5",TWISTO Lint,41,4.341463414634147,450.0,0.0042043984476067275,0.8063127690100431,0.325
"Mivi Fort S24 Soundbar with FM Mode and 2 full range drivers, Made in India 24 W",Mivi Fort,668,3.9940119760479043,1999.0,0.07179818887451488,0.7041211694258542,0.3247
"TP-Link TL-WA850RE(IN) 300 Mbps WiFi Range Extender??(White, Single Band)",Other,90,4.311111111111111,1469.0,0.00948684777921518,0.7973856209150325,0.3246
Lenovo IdeaPad Gaming Core i5 11th Gen - (8 GB/512 GB SSD/Windows 11 Home/4 GB G,Lenovo IdeaPad,190,4.252631578947368,59990.0,0.020267356619232426,0.7801857585139318,0.3242
US DZIRE 431 Hanging lamp electric antique Wooden Ceiling Lights(With Gold Bulb),DZIRE,100,4.3,890.0,0.010564898663216905,0.7941176470588234,0.324
Microtek MTKAA70H Microtek EB 700 Square Wave Inverter,Microtek Microtek,260,4.211538461538462,4199.0,0.0278137128072445,0.7680995475113122,0.3239
"GREEN SOUL Jupiter Go High Back Ergonomic|Home, Office|2D Headrest|Lumbar Suppor",GREEN SOUL,33,4.333333333333333,8590.0,0.0033419577404053473,0.8039215686274508,0.3236
"BhCarpet Red Acrylic Carpet(150 cm,  X 200 cm, Rectangle)",BhCarpet Red,30,4.333333333333333,1399.0,0.00301854247520483,0.8039215686274508,0.3234
ELV Portable Aluminium Mobile Stand Holder With Convenient Charging for Tablet a,ELV Portable,120,4.283333333333333,127.0,0.012721000431220354,0.7892156862745097,0.3233
"ULTRA Mini Wet Grinder??(Purple, White)",ULTRA Mini,27,4.333333333333333,7690.0,0.0026951272100043124,0.8039215686274508,0.3232
mCaffeine Coffee Hydrating Face Serum for Glowing Skin with Vitamin E for Sun Pr,mCaffeine Coffee,242,4.214876033057851,549.0,0.025873221216041395,0.7690811861934854,0.3232
"PHILIPS Citrus Press / HR2777 / 00_ 25 Juicer (1 Jar, Black)",PHILIPS Citrus,57,4.315789473684211,1383.0,0.005929279862009487,0.7987616099071206,0.3231
Preethi Iconic WG-908 Wet Grinder??(Pink),Preethi Iconic,40,4.325,9799.0,0.004096593359206555,0.8014705882352942,0.323
"Briqre Victory Nutri Blend, 20000 RPM Mixer Grinder 500 Juicer Mixer Grinder (2 ",Briqre Victory,21,4.333333333333333,1399.0,0.0020482966796032775,0.8039215686274508,0.3228
HP Ryzen 5 Hexa Core 5500U - (8 GB/512 GB SSD/Windows 11 Home) 15s- eq2144au Thi,Ryzen,72,4.305555555555555,46990.0,0.007546356188012074,0.7957516339869279,0.3228
Homes Decor 12W LED Round Panel Light with Dual Lighting (Blue & White) Recessed,Homes Decor,65,4.3076923076923075,300.0,0.006791720569210867,0.7963800904977374,0.3226
"Good Will Crafts Hanging Lantern,Tealight,Candle Holder Gold Iron, Metal Hanging",Good Will,15,4.333333333333333,292.0,0.0014014661492022424,0.8039215686274508,0.3224
Sowbaghya SAWG01P Wet Grinder??(Pink),Sowbaghya Wet,12,4.333333333333333,4084.0,0.001078050884001725,0.8039215686274508,0.3222
Flipkart SmartBuy 360 Spin Blue Bucket Mop Set with single Microfiber Refill Mop,Flipkart SmartBuy,55,4.3090909090909095,545.0,0.005713669685209142,0.7967914438502675,0.3221
AJRO DEAL Double Spring Tummy Trimmer - Multipurpose Fitness Equipment (Black) A,AJRO DEAL,100,4.28,189.0,0.010564898663216905,0.7882352941176471,0.3216
PAPILON EMULSION PACK OF 6 BOTTLES 20ML EACH Mixed Fruit Liquid Food Essence(120,PAPILON EMULSION,72,4.291666666666667,173.0,0.007546356188012074,0.7916666666666667,0.3212
Google Chromecast 3 Media Streaming Device??(Black),Google Chromecast,300,4.163333333333333,2651.0,0.032125916343251404,0.7539215686274507,0.3208
LS2821 Bleed Blue Day and Date Functioning Strap Adult Quartz Analog Watch  - Fo,Bleed Blue,232,4.198275862068965,299.0,0.024795170332039672,0.7641987829614603,0.3206
Art Silk Self Design Maroon Men Dupatta,Art Silk,19,4.315789473684211,262.0,0.0018326865028029326,0.7987616099071206,0.3206
Microtek MTKAC90H Super Power Digital UPS Model 900 (12V) DG 800VA Square Wave I,Microtek Super,418,4.0933014354066986,5079.0,0.04484691677447176,0.7333239515902055,0.3202
Whirlpool CLASSIC CF 60 BK HOOD 60 cm 750 m??/hr Wall Mounted Chimney??(Black 75,Whirlpool CLASSIC,55,4.290909090909091,5298.0,0.005713669685209142,0.7914438502673797,0.32
"ERAWUD Engineered Wood TV Entertainment Unit(Finish Color - Black, DIY(Do-It-You",ERAWUD Engineered,59,4.288135593220339,1804.0,0.006144890038809832,0.7906281156530408,0.3199
HL-2022 New Trending Full Black Round Waterproof Gym Fitness Freek HL-2022-DTL D,New Trending,236,4.190677966101695,279.0,0.025226390685640362,0.761964107676969,0.3199
"D-Link DIR-615 Wireless N 300 Router??(Black, Single Band)",Wireless,430,4.083720930232558,899.0,0.04614057783527383,0.7305061559507524,0.3199
"aniket 180 TC Polycotton Double Printed Flat Bedsheet(Pack of 1, Multicolor)",aniket,108,4.2592592592592595,228.0,0.011427339370418284,0.7821350762527233,0.3197
"Men & Women Black Canvas, Fabric Belt",Men Women,37,4.297297297297297,180.0,0.0037731780940060376,0.7933227344992051,0.3196
RedShell SmartBuy ISI Mark Shock-Proof & Water-Proof 2000 W Immersion Heater Rod,RedShell SmartBuy,48,4.291666666666667,399.0,0.004959034066407935,0.7916666666666667,0.3196
"Hello Baby Fabric Sofa(Finish Color - sky blue, Pre-assembled)",Hello Baby,149,4.23489932885906,739.0,0.015847347994825355,0.7749703908409,0.3195
"TITIRANGI 4 Pack 4WD Monster Truck Cars,Push and Go Toy Trucks Friction Powered ",TITIRANGI Pack,220,4.195454545454545,348.0,0.023501509271237602,0.7633689839572191,0.3194
LG DFB424FW Free Standing 14 Place Settings Intensive Kadhai Cleaning| No Pre-ri,Free,13,4.3076923076923075,50999.0,0.0011858559724018975,0.7963800904977374,0.3193
IFB Neptune VX Plus Free Standing 15 Place Settings with Germ-Free Hygienic Wash,IFB Neptune,132,4.242424242424242,41990.0,0.014014661492022424,0.7771836007130124,0.3193
Scotch-Brite Twin Bucket Mop,Twin Bucket,200,4.205,1099.0,0.021345407503234153,0.7661764705882352,0.3193
Syska SSK-RDL-R-12W-6500K Ceiling Light Ceiling Lamp(White),Syska Ceiling,20,4.3,399.0,0.001940491591203105,0.7941176470588234,0.3188
ELV Aluminium Adjustable And Foldable Dock Mobile Holder,ELV Aluminium,70,4.271428571428571,269.0,0.007330746011211729,0.7857142857142856,0.3187
"UNIQUE Black Table lamp Table Lamp(25 cm, Black)",UNIQUE Black,200,4.2,298.0,0.021345407503234153,0.7647058823529411,0.3187
Furnifry Wooden Wall Mounted TV Entertainment Unit/TV Stand/TV Cabinet/Set-Top B,Furnifry Wooden,614,3.970684039087948,2970.0,0.06597671410090557,0.6972600114964551,0.3185
SAMSUNG 198 L Direct Cool Single Door 4 Star Refrigerator with Base Drawer(Camel,SAMSUNG,272,4.158088235294118,16490.0,0.02910737386804657,0.752378892733564,0.3184
"COSCO Kick Football - Size: 5(Pack of 1, Blue)",COSCO Kick,197,4.197969543147208,449.0,0.021021992238033634,0.7641086891609434,0.3183
"SUSI by SUSI Jewelery Organizers(White, Black, Plastic)",SUSI SUSI,10,4.3,206.0,0.00086244070720138,0.7941176470588234,0.3182
OLIVETTI PR2 Ribbon Pack Of 10 Black Ink Cartridge,OLIVETTI Ribbon,10,4.3,1199.0,0.00086244070720138,0.7941176470588234,0.3182
Viscose Blend Striped Grey Men Dupatta,Viscose Blend,10,4.3,339.0,0.00086244070720138,0.7941176470588234,0.3182
Viscose Blend Striped Gold Men Dupatta,Viscose Blend,10,4.3,339.0,0.00086244070720138,0.7941176470588234,0.3182
PEDPIX PED EWD 60*46 /3 Shelf/Set Top Box Shelf Stand/TV Panel / Cabinet for Hom,PEDPIX PED,10,4.3,1799.0,0.00086244070720138,0.7941176470588234,0.3182
"Sparrow world Dark Blue Cotton Runner(210 cm,  X 155 cm, Rectangle)",Sparrow world,24,4.291666666666667,699.0,0.002371711944803795,0.7916666666666667,0.3181
Arpita Crafts Wooden 2 Pocket Pen Stand Om Swastik 8 Hook Brown Wood Key Holder ,Arpita Crafts,200,4.195,159.0,0.021345407503234153,0.763235294117647,0.3181
beaatho Luxury HIGH Back Leatherette Office with Steel Base and Warranty Leather,beaatho Luxury,32,4.28125,8449.0,0.003234152652005175,0.7886029411764706,0.3174
KENT Ace Extra/ Ace Alkaline 8 L RO + UV + UF + TDS Control + Alkaline + UV in T,KENT Ace,461,4.045553145336226,15999.0,0.04948253557567918,0.7192803368635958,0.3174
ASUS VivoBook 15 (2022) Core i3 10th Gen - (8 GB/512 GB SSD/Windows 11 Home) X51,ASUS VivoBook,300,4.13,33990.0,0.032125916343251404,0.7441176470588233,0.3169
"boAt Aavante Bar 500 Portable Soundbar 10 W Bluetooth Soundbar(Black, Mono Chann",boAt Aavante,200,4.185,1699.0,0.021345407503234153,0.7602941176470586,0.3169
tHemiStO Beginners 8 in 1 Soldering iron Kit 25 W Simple(Flat Tip),tHemiStO Beginners,100,4.24,232.0,0.010564898663216905,0.776470588235294,0.3169
Spotzero by Milton Prime Mop With Big Wheels Bucket,Spotzero Milton,100,4.24,1299.0,0.010564898663216905,0.776470588235294,0.3169
Bajaj GX1 500 W Mixer Grinder,Bajaj,682,3.9164222873900294,2299.0,0.07330746011211729,0.6813006727617732,0.3165
"MamaEarth Skin Illuminate Face Cream, for skin brightening, with Vitamin C and T",MamaEarth Skin,290,4.127586206896551,237.0,0.031047865459249677,0.7434077079107504,0.316
Anayatech Solid Doreamon combo with star happy birthday combo- happy birthday fo,Anayatech Solid,100,4.23,277.0,0.010564898663216905,0.773529411764706,0.3158
Ponmani Power Plus Tilting Wet Grinder??(Red),Ponmani Power,30,4.266666666666667,8699.0,0.00301854247520483,0.784313725490196,0.3155
Art Silk Self Design Gold Men Dupatta,Art Silk,70,4.242857142857143,245.85714285714286,0.007330746011211729,0.7773109243697478,0.3153
Pick Ur Needs Bluetooth LED Bulb Colourful Built-in Audio Speaker Music Player W,Pick Needs,11,4.2727272727272725,399.0,0.0009702457956015525,0.7860962566844918,0.315
Portronics POR-122 MODESK Universal Mobile Holder (Black) Mobile Holder,Portronics MODESK,200,4.165,127.0,0.021345407503234153,0.7544117647058823,0.3146
ghar ki khushiya 1 LEDs 0.13 m Multicolor Rice Lights(Pack of 1),ghar khushiya,100,4.22,289.0,0.010564898663216905,0.7705882352941176,0.3146
DV NOVAKING 1500 WATT IMMERSION ROD 1500 W Shock Proof Immersion Heater Rod??(WA,NOVAKING,19,4.2631578947368425,293.0,0.0018326865028029326,0.78328173374613,0.3144
Portronics 20 W 3 A Mobile Charger Adapto 45 with Dual Port Fast Charger??(White,Portronics,19,4.2631578947368425,343.0,0.0018326865028029326,0.78328173374613,0.3144
"US DZIRE  155 Fancy Wooden Ceiling Lights,Hanging Lamps,( With Gold Bulb )Ceilin",DZIRE,79,4.227848101265823,343.0,0.008300991806813282,0.772896500372301,0.3141
bandhan WLRB5 Pendants Ceiling Lamp(Orange),bandhan Pendants,28,4.25,203.0,0.002802932298404485,0.7794117647058822,0.3134
"LEADER Scout 26T SEA Blue BLACK for Ride 26 T Mountain Cycle(Single Speed, Blue,",LEADER Scout,300,4.1,4499.0,0.032125916343251404,0.7352941176470587,0.3134
MamaEarth Skin Illuminate Face Serum for Radiant Skin with Vitamin C & Turmeric(,MamaEarth Skin,647,3.908809891808346,314.0,0.06953428201811127,0.6790617328848076,0.3133
"Classic Essentials Pack of 32 Stainless Steel Stainless Steel Maple Dinner set ,",Classic Essentials,140,4.185714285714286,1099.0,0.014877102199223804,0.7605042016806722,0.3131
Ponmani Nano Tech Wet Grinder??(Multicolor),Ponmani Nano,20,4.25,3999.0,0.001940491591203105,0.7794117647058822,0.3129
"HAVELLS Rigo without jars (0 jars) 500 W Juicer (White, Blue)",HAVELLS Rigo,198,4.151515151515151,2590.0,0.021129797326433806,0.7504456327985738,0.3129
"SAMSUNG 23 L Solo Microwave Oven(MS23A301TAK, Black)",SAMSUNG,178,4.162921348314606,6099.0,0.018973695558430356,0.7538003965631195,0.3129
RBGIIT Silicon Dish Washing Gloves For Kitchen Scrubbing Pet Grooming Car Bathro,RBGIIT Silicon,16,4.25,169.0,0.001509271237602415,0.7794117647058822,0.3127
Seagate Expansion for Windows and Mac with 3 years Data Recovery Services  Porta,Seagate Expansion,120,4.191666666666666,4098.0,0.012721000431220354,0.7622549019607843,0.3125
"Pack of 2 Printed Men Dark Blue, Blue Bermuda Shorts",Pack,120,4.191666666666666,460.0,0.012721000431220354,0.7622549019607843,0.3125
AutoKraftZ Most Popular Sun UV Protection Arm Sleeves for Men Women Cycling Glov,AutoKraftZ Most,307,4.0814332247557,79.0,0.03288055196205261,0.7298333013987353,0.3117
"BLACK RAY Unique 3 Lights Hanging Ceiling Lamp Urban Retro Style (Antique Black,",BLACK RAY,35,4.228571428571429,631.0,0.0035575679172056922,0.7731092436974789,0.3114
"vesco Kiddo 14"" Cycle for Kids Bicycles age 3 to 5 Year Boys & Girls 14 T BMX Cy",vesco Kiddo,35,4.228571428571429,3295.0,0.0035575679172056922,0.7731092436974789,0.3114
"Google Nest Hub (2nd gen), Display with Google Assistant Smart Speaker??(Charcoa",Google Nest,115,4.182608695652174,6999.0,0.012181974989219491,0.7595907928388748,0.3111
ULTRA Grind+Gold 2.0 L Wet Grinder??(Purple),ULTRA,100,4.19,9190.0,0.010564898663216905,0.7617647058823529,0.311
PLAY MP1-A Smart WIFI 3D 4k Full HD LED Recently Launched Android 8.0 Projector|,PLAY Smart,42,4.214285714285714,13703.0,0.0043122035360069,0.76890756302521,0.3102
"Midea TORRINO,WQP12-5201F Free Standing 13 Place Settings Intensive Kadhai Clean",Midea Free,190,4.131578947368421,25990.0,0.020267356619232426,0.7445820433436532,0.31
"Shmaya Solid 3 kitty theme balloon-13 pc happy birthday banner,3 kitty foil,4 st",Shmaya Solid,100,4.18,279.0,0.010564898663216905,0.7588235294117645,0.3099
Aero Seeds 40 Varieties of Flower Combo Pack Seed(2050 per packet),Aero Seeds,500,3.96,194.0,0.0536869340232859,0.6941176470588235,0.3099
"CMerchants BOOK SHELF-6RACK Metal Open Book Shelf(Finish Color - BLUE, DIY(Do-It",CMerchants BOOK,100,4.18,799.0,0.010564898663216905,0.7588235294117645,0.3099
Blissbells Uplight Wall Lamp With Bulb,Blissbells Uplight,72,4.194444444444445,290.0,0.007546356188012074,0.7630718954248366,0.3098
Butterfly Rapid Kettle 1.5 Litre + Eco 750 Ml Water Bottle,Butterfly Rapid,119,4.168067226890757,849.0,0.012613195342820181,0.7553138902619871,0.3097
HF MRF GRAND EDITON VK-18 ( Ideal For 15-21 Years) Hard Plastic bat for tennis b,MRF GRAND,23,4.217391304347826,425.0,0.0022639068564036225,0.7698209718670077,0.3093
"HRX XTRM MTB 900 Foldable 27.5 T Mountain Cycle(21 Gear, Multicolor)",HRX XTRM,114,4.166666666666667,16499.0,0.01207416990081932,0.7549019607843137,0.3092
ANTRONIC Premium Quality 2000W 2000 W Immersion Heater Rod??(Water),ANTRONIC Premium,68,4.1911764705882355,257.0,0.0071151358344113845,0.7621107266435987,0.3091
"Khatu Crafts Printed Radhakrishna Two Box Key Holder Wood Key Holder(8 Hooks, Mu",Khatu Crafts,50,4.2,179.0,0.00517464424320828,0.7647058823529411,0.309
"HARIOM ALL IN ONE Solid Wood Study Table(Finish Color - SPIDERMAN BUILDING, Pre-",HARIOM ALL,184,4.125,517.0,0.019620526088831393,0.7426470588235294,0.3088
Realistic Store Printed Happy Birthday Multi Dot Foil Letter Balloon With HD Mul,Realistic Store,100,4.17,233.0,0.010564898663216905,0.7558823529411764,0.3087
"Thomson Kitchen Master Pro+ MX03 750 W Juicer Mixer Grinder (6 Jars, Grey)",Thomson Kitchen,506,3.9466403162055337,2709.0,0.054333764553686936,0.6901883282957451,0.3087
"AQUANZA Pre housing complete set for r.o Solid Filter Cartridge(0.005, Pack of 8",AQUANZA Pre,100,4.17,299.0,0.010564898663216905,0.7558823529411764,0.3087
Furnifry Wooden TV Entertainment Unit/Wall Set Top Box Shelf Stand/TV Unit Bedro,Furnifry Wooden,390,4.005128205128205,2969.0,0.04182837429926693,0.7073906485671191,0.3081
UPC Upgraded Hands-Free Squeeze Microfiber Flat Spin Mop System 360 Flexible Hea,UPC Upgraded,238,4.088235294117647,1242.2857142857142,0.025442000862440705,0.7318339100346019,0.308
Swarn Bhumi Pack of 6 Stainless Steel CHHOTA BHEEM 1-6 YEARS Kid Dinner Set(Stee,Swarn Bhumi,80,4.175,324.0,0.008408796895213455,0.7573529411764706,0.308
"CAPIO ART GEOMETRIC multipurpose design Wood Key Holder(8 Hooks, Brown)",CAPIO ART,300,4.053333333333334,169.0,0.032125916343251404,0.7215686274509805,0.3079
"TP-Link Archer C6 MU-MIMO Gigabit 1200 Mbps Wireless Router??(Black, Dual Band)",Archer,134,4.141791044776119,2699.0,0.014230271668822769,0.7475856014047408,0.3076
DBRW385-DBRWN Day and Date Boy's & Man's Stylish Analog Day & Date Analog Watch ,Day and,100,4.16,299.0,0.010564898663216905,0.7529411764705882,0.3075
Butterfly Rapid Plus Wet Grinder with Coconut Scraper (Blue)??(Ink Blue),Butterfly Rapid,453,3.964679911699779,4199.0,0.0486200948684778,0.6954940916764056,0.3074
Homes Decor 12W LED Round Panel Light with Dual Lighting (Pink & white) Ceiling ,Homes Decor,70,4.171428571428572,300.0,0.007330746011211729,0.7563025210084033,0.3069
"Airtel Dth Settop Box Airtel TV, Airtel set up box, Airtel HD TV Remote Controll",Airtel Dth,37,4.1891891891891895,215.0,0.0037731780940060376,0.7615262321144673,0.3069
Men Woven Single Breasted Casual Blazer??(Black),Men Woven,26,4.1923076923076925,4499.0,0.00258732212160414,0.7624434389140271,0.3065
"SOS JOVO IP Dual Antenna Wi-Fi CCTV CAMERA Wireless, HD IP Security Camera CCTV,",SOS JOVO,10,4.2,1449.0,0.00086244070720138,0.7647058823529411,0.3064
Cotton Blend Embellished Maroon Men Dupatta,Cotton Blend,10,4.2,269.0,0.00086244070720138,0.7647058823529411,0.3064
"FOZIA Fabric Sofa(Finish Color - Red, Pre-assembled)",FOZIA Fabric,10,4.2,489.0,0.00086244070720138,0.7647058823529411,0.3064
"BLUECHIP BL43SmartTV TV Voltage Stabilizer for LED TV/Smart TV Up to 43 Inches ,",BLUECHIP,100,4.15,1256.0,0.010564898663216905,0.75,0.3063
"THE INDIE EARTH Vitamin C Serum with Vitamin E, Turmeric, Ferulic Acid and Vegan",THE INDIE,200,4.095,441.0,0.021345407503234153,0.7338235294117645,0.3063
CRAFTIFY High Quality 1500 W Immersion Heater Rod??(Water),CRAFTIFY High,174,4.109195402298851,290.0,0.018542475204829666,0.737998647734956,0.3063
"Classic Essentials Pack of 101 Stainless Steel Stainless Steel Dinner Set, 101-P",Classic Essentials,100,4.15,4999.0,0.010564898663216905,0.75,0.3063
Infinix 10W Quick Charger combo for Infinx devices (MicroUSB - Cable Included)??,Infinix Quick,306,4.0359477124183005,449.0,0.03277274687365244,0.7164552095347942,0.3062
Butterfly Rhino Plus Wet Grinder??(Grey),Butterfly Rhino,390,3.98974358974359,5299.0,0.04182837429926693,0.702865761689291,0.3062
Thomson Deluxe Plus 1600 W Steam Iron??(Brown and White),Thomson Deluxe,101,4.148514851485149,849.0,0.010672703751617076,0.749563191613279,0.3062
"Solid, Printed Men Three Fourths",Printed Men,86,4.151162790697675,386.0,0.00905562742561449,0.750341997264022,0.3056
LUMINOUS Power Sine 800 Pure Sine Wave Inverter,LUMINOUS Power,139,4.122302158273381,4699.0,0.014769297110823632,0.7418535759627591,0.3056
"INKULTURE Cosmetic & Make-up Organizers(White, Plastic)",INKULTURE Cosmetic,87,4.149425287356322,219.0,0.009163432514014662,0.7498309668695062,0.3054
TERABYTE Mini HDMI TO AV UP Scaler Full HD 720/1080p Video Converter Media Strea,TERABYTE Mini,40,4.175,359.0,0.004096593359206555,0.7573529411764706,0.3054
"CMerchants BOOK SHELF-5RACK Metal Open Book Shelf(Finish Color - BLUE, DIY(Do-It",CMerchants BOOK,310,4.025806451612903,699.0,0.03320396722725313,0.7134724857685009,0.3053
V S Enterprise Enterprise Romantic Sky Star Master Night Light Projector Baby Sl,Enterprise,71,4.154929577464789,364.0,0.007438551099611902,0.7514498757249379,0.305
"Ostrich HARD PLASTIC CRICKET COMBO PACK FOR 8 YEARS JUNIOURS( 1 BAT SIZE 3, WICK",Ostrich HARD,55,4.163636363636364,409.0,0.005713669685209142,0.7540106951871659,0.305
Toyvala Unique Robot Deform Super Speed Car With 3D Special Light (Yellow)??(Mul,Toyvala Unique,210,4.076190476190476,499.0,0.022423458387235876,0.7282913165266105,0.3048
icrush Set Top Box Stand TV Entertainment Unit Black & red Engineered Wood TV En,icrush Set,11,4.181818181818182,1709.0,0.0009702457956015525,0.7593582887700534,0.3043
"Mivi Fort S100 with 2 in-built subwoofers, Made in India 100 W Bluetooth Soundba",Mivi Fort,230,4.060869565217391,4999.0,0.024579560155239325,0.7237851662404091,0.3043
"MAHARAJA WHITELINE Mark1 Classic / JE-106 _ 450 W Juicer (1 Jar, Red, White)",MAHARAJA WHITELINE,11,4.181818181818182,2709.0,0.0009702457956015525,0.7593582887700534,0.3043
"shyokand Fabric Sofa(Finish Color - Red, Pre-assembled)",shyokand Fabric,100,4.13,475.0,0.010564898663216905,0.7441176470588233,0.304
"Thomson Kitchen Master MX01 500 W Mixer Grinder (3 Jars, White)",Thomson Kitchen,89,4.134831460674158,1399.0,0.009379042690815007,0.745538664904164,0.3038
SportSoul Cotton Gym & Athletic Abdomen Support,SportSoul Cotton,44,4.159090909090909,599.0,0.004527813712807245,0.7526737967914439,0.3038
Dinine Craft Adiyogi Shiva Statue For Car Dashboard Table Decor Idol Decorative ,Dinine Craft,60,4.15,145.0,0.006252695127210005,0.75,0.3038
"Das Dexter Engineered Wood TV Entertainment Unit(Finish Color - Flowery Wenge, D",Das Dexter,30,4.166666666666667,1614.0,0.00301854247520483,0.7549019607843137,0.3038
Men 9325 Latest Collection Stylish Sports Sneakers Running Shoes Running Shoes F,Men Latest,999,3.6336336336336337,299.0,0.10748167313497198,0.5981275393040097,0.3037
LURAGS Diamond natural brown set of 6 stumps with bails(Brown),LURAGS Diamond,100,4.12,469.0,0.010564898663216905,0.7411764705882353,0.3028
PHILIPS HR7627/00 650 W Food Processor(White),PHILIPS,119,4.109243697478991,4319.0,0.012613195342820181,0.7380128521997031,0.3028
"ULTRA Perfect + 2.0 L Wet Grinder??(Purple, White)",ULTRA Perfect,100,4.12,10790.0,0.010564898663216905,0.7411764705882353,0.3028
FULL BLACK FANCY DIAL SPORT PU BELT WATCH & KING BRECELET PACK OF 3 Analog Watch,FULL BLACK,200,4.06,256.0,0.021345407503234153,0.7235294117647058,0.3022
Synthetic Leather |Lightweight|Comfort|Summer|Trendy|Walking|Outdoor|Daily Use S,Synthetic Leather,361,3.9695290858725762,359.0,0.03870202673566193,0.696920319374287,0.302
"DivineCrafts Om Swastik 2 Pocket penstand Wood Key Holder(8 Hooks, Multicolor)",DivineCrafts Swastik,100,4.11,159.0,0.010564898663216905,0.7382352941176471,0.3016
"BROWNIE Engineered Wood Study Table(Free Standing, Finish Color - Brown, Pre-ass",BROWNIE Engineered,100,4.11,1299.0,0.010564898663216905,0.7382352941176471,0.3016
FAST Trenddy Tainer Lace-ups Sporty Casuals Training & Gym Shoes For Men??(White,FAST Trenddy,130,4.092307692307692,399.0,0.013799051315222079,0.7330316742081446,0.3015
Furnifry Wooden Wall Mounted TV Stand/TV Entertainment Unit/TV Cabinet with Util,Furnifry Wooden,300,3.9966666666666666,2969.0,0.032125916343251404,0.7049019607843137,0.3012
"Men Solid Single Breasted Casual, Festive & Wedding Blazer??(Light Blue)",Men Solid,44,4.136363636363637,1699.0,0.004527813712807245,0.7459893048128343,0.3011
Pureit Max Water Saver 10 L RO + UV + MF Water Purifier with Eco Recovery Techno,Pureit Max,290,4.0,13999.0,0.031047865459249677,0.7058823529411764,0.301
Hold up Triangle Shape Mobile Holder For Table Desk Pack Of 5 Mobile Holder Mobi,Hold Triangle,94,4.1063829787234045,136.0,0.00991806813281587,0.737171464330413,0.3008
Swastik Housewares Stainless Steel Incense Holder(Silver),Swastik Housewares,100,4.1,155.0,0.010564898663216905,0.7352941176470587,0.3005
Realistic Store Solid Happy Birthday Decoration Kit Combo - 53 Pcs Birthday Bann,Realistic Store,72,4.111111111111111,214.0,0.007546356188012074,0.7385620915032678,0.3
Furnifry Wooden TV Entertainment Unit/Wall Set Top Box Shelf Stand/TV Cabinet fo,Furnifry Wooden,314,3.977707006369427,2969.0,0.03363518758085382,0.6993255901086548,0.2999
Glen ISPA 90 BL Auto Clean Wall Mounted Chimney??(Black 1050 CMH),Glen ISPA,60,4.116666666666666,11999.0,0.006252695127210005,0.7401960784313724,0.2998
Cotton Blend Embroidered Maroon Men Dupatta,Cotton Blend,174,4.051724137931035,302.0,0.018542475204829666,0.7210953346855984,0.2996
"Fresh Zone Polyester Door Mat(Multicolor, Medium, Pack of 5)",Fresh Zone,200,4.035,239.0,0.021345407503234153,0.7161764705882352,0.2993
Bhimada cloth stand rack shelf almirah PVC Collapsible Wardrobe(Finish Color - D,Bhimada cloth,100,4.09,700.0,0.010564898663216905,0.7323529411764704,0.2993
seva shope Polyresin Incense Holder(Black),seva shope,79,4.10126582278481,295.0,0.008300991806813282,0.7356664184661204,0.2992
HP 14s Intel Core i3 11th Gen - (8 GB/256 GB SSD/Windows 11 Home) 14s - dy2507TU,Intel,103,4.087378640776699,38990.0,0.010888313928417421,0.7315819531696175,0.2992
"Flipkart Perfect Homes Webster TV Entertainment Unit(Finish Color - Wenge, Knock",Flipkart Perfect,200,4.03,15490.0,0.021345407503234153,0.7147058823529411,0.2987
"TP-Link Archer C24 Multi-Mode 750 Mbps Wireless Router??(White, Dual Band)",Archer,88,4.090909090909091,1449.0,0.009271237602414835,0.7326203208556148,0.2986
Whiteray Leaf Design CLuster Lotus Chandelier for home decoration Pendants Ceili,Whiteray Leaf,100,4.08,881.0,0.010564898663216905,0.7294117647058822,0.2981
Canon PG47 Ink Catridge,Canon Ink,199,4.025125628140704,669.0,0.02123760241483398,0.7132722435707952,0.2981
"realme TechLife 7.5 kg 5 Star Rating Semi Automatic Top Load Black, Grey(RMSA755",realme TechLife,265,3.9886792452830186,8490.0,0.028352738249245363,0.7025527192008878,0.298
"Candes Florence 1200 mm Energy Saving 3 Blade Ceiling Fan(Silver Blue, Pack of 2",Candes Florence,185,4.032432432432432,2879.0,0.019728331177231564,0.7154213036565975,0.298
"Men Solid Single Breasted Festive, Party, Wedding Blazer??(Black)",Men Solid,472,3.8728813559322033,1839.0,0.050668391548081074,0.668494516450648,0.2978
Dinine Craft Wooden 2 Pocket Key Holder for Wall and Home Decor Decorative Showp,Dinine Craft,180,4.033333333333333,168.0,0.019189305735230703,0.7156862745098038,0.2978
Flipkart SmartBuy Wet Kitchen Cleaning Cloth Environmentally Friendly Sponge Clo,Flipkart SmartBuy,50,4.1,190.0,0.00517464424320828,0.7352941176470587,0.2972
NGI STORE Multipurpose laptop table Wood Portable Laptop Table(Finish Color - BL,NGI STORE,100,4.07,555.0,0.010564898663216905,0.7264705882352942,0.2969
APTECHDEALS Beginners 6 in 1 Economy Soldering iron Kit/electric Soldering iron ,APTECHDEALS Beginners,100,4.07,232.0,0.010564898663216905,0.7264705882352942,0.2969
PARTY BREEZE Solid rose gold pink white Happy Birthday Decoration Combo Kit with,PARTY BREEZE,100,4.07,160.0,0.010564898663216905,0.7264705882352942,0.2969
Catvision CSR-401HP WIFI Media Streaming Device??(Black),Catvision WIFI,885,3.6361581920903956,1550.0,0.09519189305735232,0.5988700564971752,0.2967
Voltas Beko DF14W Free Standing 14 Place Settings Intensive Kadhai Cleaning| No ,Voltas Beko,152,4.0394736842105265,31590.0,0.016170763260025874,0.7174922600619196,0.2967
"Lifelong Falcon 26 T with Disc Brake and Suspension , Matte Black 26 T Road Cycl",Lifelong Falcon,30,4.1,8999.0,0.00301854247520483,0.7352941176470587,0.2959
"RinkiHF Blue Acrylic Carpet(132 cm,  X 183 cm, Rectangle)",RinkiHF Blue,100,4.06,299.0,0.010564898663216905,0.7235294117647058,0.2958
Inalsa Inox 1000 1000 W Food Processor(Silver:Black),Inalsa Inox,100,4.06,9050.0,0.010564898663216905,0.7235294117647058,0.2958
"Men Solid Single Breasted Casual, Formal, Festive & Wedding, Party Blazer??(Dark",Men Solid,19,4.105263157894737,1727.0,0.0018326865028029326,0.736842105263158,0.2958
"Men Solid Single Breasted Casual, Festive, Formal, Festive & Wedding, Party, Wed",Men Solid,98,4.061224489795919,1529.0,0.01034928848641656,0.7238895558223291,0.2958
"Flipkart Perfect Homes Dalton Engineered Wood Study Table(Free Standing, Finish ",Flipkart Perfect,200,4.005,5790.0,0.021345407503234153,0.7073529411764705,0.2957
Lenovo IdeaPad 3 Celeron Dual Core - (8 GB/256 GB SSD/Windows 11 Home) 81WQ00MQI,Lenovo IdeaPad,31,4.096774193548387,27490.0,0.0031263475636050023,0.7343453510436431,0.2956
Tomex Grey Plastic Broom Holder(5 Holders),Tomex Grey,20,4.1,399.0,0.001940491591203105,0.7352941176470587,0.2953
Pick Ur Needs 1 LEDs 0.15 m Multicolor Rice Lights(Pack of 1),Pick Needs,21,4.095238095238095,399.0,0.0020482966796032775,0.733893557422969,0.2948
RPM Euro Games Gaming Keyboard and Mouse Combo | Keyboard - With 7 Color Backlit,RPM Euro,100,4.05,999.0,0.010564898663216905,0.7205882352941175,0.2946
"SpinBot BattleMods NinjaX For BGMI,PUBG,COD Free Fire  Gaming Accessory Kit(Blac",SpinBot BattleMods,10,4.1,749.0,0.00086244070720138,0.7352941176470587,0.2946
Ponmani Power Wet Grinder??(Red),Ponmani Power,10,4.1,7499.0,0.00086244070720138,0.7352941176470587,0.2946
"Pearl World Fabric Sofa(Finish Color - Glossy, Pre-assembled)",Pearl World,10,4.1,678.0,0.00086244070720138,0.7352941176470587,0.2946
Flipkart SmartBuy Microfibre Stripes Cushion Pack of 5(White),Flipkart SmartBuy,10,4.1,1259.0,0.00086244070720138,0.7352941176470587,0.2946
JSR Organics Kamal Seed(20 per packet),JSR Organics,100,4.05,127.0,0.010564898663216905,0.7205882352941175,0.2946
MVL 10W Led Ceiling down light white pack of 20 Recessed Ceiling Lamp(White),MVL Led,22,4.090909090909091,1898.0,0.00215610176800345,0.7326203208556148,0.2943
"Yogini 144 TC Microfiber Double Geometric Flat Bedsheet(Pack of 1, Red)",Yogini,37,4.081081081081081,271.0,0.0037731780940060376,0.7297297297297296,0.2942
"DALUCI Shelf Organizers(White, Plastic)",DALUCI Shelf,37,4.081081081081081,239.0,0.0037731780940060376,0.7297297297297296,0.2942
CEAT Hitman Full Size Double Blade Poplar Cricket Bat - Advance Play Poplar Will,CEAT Hitman,200,3.99,329.0,0.021345407503234153,0.7029411764705882,0.294
classiconline Wall Mount Corner 5 Tier Engineered Wood Display Unit(Finish Color,classiconline Wall,38,4.078947368421052,792.0,0.00388098318240621,0.7291021671826623,0.294
PARTY BREEZE Solid Golden and blue Happy Birthday Decoration Combo Kit with Bann,PARTY BREEZE,11,4.090909090909091,225.0,0.0009702457956015525,0.7326203208556148,0.2936
Kadio Analog Silver Clock,Kadio Analog,175,4.0,299.0,0.018650280293229838,0.7058823529411764,0.2935
JDX Polyester Fibre Solid Cushion Pack of 5(White),JDX Polyester,100,4.04,448.0,0.010564898663216905,0.7176470588235293,0.2934
Scotch-Brite Plastic Dry Broom(Green),Plastic Dry,100,4.04,375.0,0.010564898663216905,0.7176470588235293,0.2934
Airtel Regular Digital TV DTH Remote Compatible with SD and HD Recording (Black),Airtel Regular,123,4.024390243902439,215.0,0.01304441569642087,0.7130559540889525,0.293
HP 678 Black Ink Cartridge,Black,313,3.916932907348243,809.0,0.03352738249245365,0.6814508551024243,0.2927
BAJAJ FX 11 Food Factory 600 W Food Processor(White),BAJAJ,27,4.074074074074074,6505.0,0.0026951272100043124,0.7276688453159041,0.2927
USHA 3815 HI Water Proof 1.5KW 1500 W Immersion Heater Rod??(water),USHA,28,4.071428571428571,684.0,0.002802932298404485,0.7268907563025209,0.2924
"limraz furniture Engineered Wood Computer Desk(Straight, Finish Color - brown, P",limraz furniture,100,4.03,1298.0,0.010564898663216905,0.7147058823529411,0.2922
EdenSoul USB Rechargeable Moon Lamp 5 Color Changing Sensor Touch Decoration Cry,EdenSoul USB,200,3.975,585.0,0.021345407503234153,0.6985294117647058,0.2922
HP 682 Black Ink Cartridge,Black,98,4.030612244897959,828.0,0.01034928848641656,0.7148859543817527,0.2922
Cotton Blend Embroidered Red Men Dupatta,Cotton Blend,58,4.051724137931035,269.0,0.00603708495040966,0.7210953346855984,0.2921
"SAMSUNG Original 25W , USB -C Compatible Power Adaptor for all Samsung Devices (",SAMSUNG Original,170,3.988235294117647,1299.0,0.018111254851228976,0.7024221453287196,0.2918
"Zoby Fabric Sofa(Finish Color - Blue, Pre-assembled)",Zoby Fabric,14,4.071428571428571,799.0,0.00129366106080207,0.7268907563025209,0.2915
"KENT Ace 8 L RO + UV + UF + TDS Water Purifier with Mineral ROTM Technology,In-t",KENT Ace,262,3.935114503816794,14299.0,0.028029322984044848,0.6867983834755276,0.2915
"IWS Printed Double Mink Blanket for  Mild Winter(Microfiber, Black)",IWS Printed,200,3.965,529.0,0.021345407503234153,0.6955882352941176,0.291
Flipkart Perfect Homes Phonox Engineered Wood TV Entertainment Unit(Finish Color,Flipkart Perfect,100,4.02,5890.0,0.010564898663216905,0.7117647058823529,0.291
"SPANGLE Printed King Mink Blanket for  Heavy Winter(Microfiber, Maroon)",SPANGLE Printed,200,3.96,840.0,0.021345407503234153,0.6941176470588235,0.2905
1170-BL-BR Unique New Day & Date Analog Watch  - For Men,Unique New,150,3.986666666666667,299.0,0.015955153083225527,0.7019607843137254,0.2904
Flying monk Reusable Rubber Silicon Household Safety Wash Scrubber Heat Resistan,Flying monk,60,4.033333333333333,226.0,0.006252695127210005,0.7156862745098038,0.29
Hillgrove Electronic 3in1 Mobile Soldering Iron Equipment Tool Machine Combo Kit,Hillgrove Electronic,100,4.01,219.0,0.010564898663216905,0.7088235294117646,0.2899
CREZON EXCLUSIVE House Hold cleaning bucket mop set combo with 3 Refills and 6 D,CREZON EXCLUSIVE,18,4.055555555555555,999.0,0.0017248814144027599,0.7222222222222221,0.2899
"Mi 4A Wireless MU-MIMO Gigabit 1200 Mbps Router??(White, Dual Band)",Wireless,250,3.924,1565.0,0.026735661923242775,0.6835294117647057,0.2895
SUSI Small plant growth Grow Bag,SUSI Small,23,4.043478260869565,399.0,0.0022639068564036225,0.7186700767263428,0.2888
"etmax NANO BLACK 30 W Bluetooth Home Theatre(Black, Stereo Channel)",etmax NANO,100,4.0,997.0,0.010564898663216905,0.7058823529411764,0.2887
"Arpita Crafts HEARTHOME Wood Key Holder(7 Hooks, Beige)",Arpita Crafts,100,4.0,159.0,0.010564898663216905,0.7058823529411764,0.2887
"Value Adds Wall Mount Set Top Box Iron Wall Shelf (Number of Shelves - 1, Black)",Value Adds,100,3.99,195.0,0.010564898663216905,0.7029411764705882,0.2875
"Men Solid Single Breasted Casual, Festive, Festive & Wedding, Formal, Party, Wed",Men Solid,109,3.981651376146789,1529.0,0.011535144458818456,0.7004856988667025,0.2871
Exclusive Range of Stylish Comfortable Sports Sneakers Running Shoes Running Sho,Exclusive Range,124,3.967741935483871,299.0,0.013152220784821044,0.6963946869070208,0.2864
"KUBER INDUSTRIES Shelf Organizers(Black, White, Cotton)",KUBER INDUSTRIES,100,3.98,199.0,0.010564898663216905,0.7,0.2863
Sheen Microfiber cleaning cloth pack of 6 Dry Cotton Cleaning Cloth(6 Units),Sheen Microfiber,100,3.98,251.0,0.010564898663216905,0.7,0.2863
"Flipkart SmartBuy 45 L Green, White, Blue Laundry Bag(Non-Woven)",Flipkart SmartBuy,63,4.0,165.0,0.006576110392410522,0.7058823529411764,0.2863
"KUBER INDUSTRIES Shelf Organizers(Beige, Cotton)",KUBER INDUSTRIES,100,3.98,299.0,0.010564898663216905,0.7,0.2863
"Greenfinity Baker's Active Dry Yeast, 75g Yeast Powder",Greenfinity Active,82,3.9878048780487805,130.0,0.0086244070720138,0.7022955523672882,0.2861
"HARIOM ALL IN ONE Solid Wood Study Table(Finish Color - ABCD KALAM, Pre-assemble",HARIOM ALL,122,3.959016393442623,499.0,0.0129366106080207,0.693828351012536,0.2853
"HARIOM ALL IN ONE Solid Wood Study Table(Finish Color - MOTU PATLU, Pre-assemble",HARIOM ALL,122,3.959016393442623,549.0,0.0129366106080207,0.693828351012536,0.2853
"HARIOM ALL IN ONE Solid Wood Study Table(Finish Color - KITTY PINK, Pre-assemble",HARIOM ALL,122,3.959016393442623,545.0,0.0129366106080207,0.693828351012536,0.2853
Airtel Regular Digital TV SD/HD DTH Compatible Remote UNIVERSAL Remote Controlle,Airtel Regular,100,3.97,209.0,0.010564898663216905,0.6970588235294117,0.2852
OURASI 3D Illusion LED Light Night Lights for 7 Colors Led Changing Lighting Bed,OURASI Illusion,100,3.97,199.0,0.010564898663216905,0.6970588235294117,0.2852
PMW Karakkaya - Harad - Aralu - Inknut - Haritaki - Kadukkai - Harar - Terminali,PMW Karakkaya,45,4.0,163.0,0.0046356188012074175,0.7058823529411764,0.2851
HP 46 Black Ink Cartridge,Black,96,3.96875,912.0,0.010133678309616215,0.6966911764705881,0.2848
BAJAJ Fx11 Food Factory 600 W Food Processor(White),BAJAJ Food,297,3.8585858585858586,6525.0,0.03180250107805089,0.6642899584076054,0.2848
"Flipkart Perfect Homes Studio Metal Open Book Shelf(Finish Color - Black, DIY(Do",Flipkart Perfect,117,3.9572649572649574,1599.0,0.012397585166019836,0.6933132227249874,0.2848
SportSoul Cotton Gym & Athletic Abdomen Support(Blue),SportSoul Cotton,392,3.8010204081632653,346.9591836734694,0.042043984476067275,0.647358943577431,0.2842
CRAFTIFY ISI Mark Spiral 2000 W Immersion Heater Rod??(Water),CRAFTIFY ISI,30,4.0,299.0,0.00301854247520483,0.7058823529411764,0.2842
Atomberg Renesa 1200 mm BLDC Motor with Remote 3 Blade Ceiling Fan(Ivory & Black,Atomberg Renesa,282,3.858156028368794,3569.0,0.030185424752048298,0.6641635377555277,0.2838
MarQ by Flipkart 11-Litre 11AOTMQBU Oven Toaster Grill (OTG) with Bake Tray(Blue,MarQ Flipkart,52,3.980769230769231,1899.0,0.005390254420008625,0.7002262443438914,0.2833
"KENT Vegetable Cleaner - Counter Top 250 W Food Processor(Silver, Black)",KENT Vegetable,15,4.0,2695.0,0.0014014661492022424,0.7058823529411764,0.2832
Shri Mahal Antiques CL-1650 Ceiling Lamp jHHOMAR Chandelier Chandelier Ceiling L,Shri Mahal,50,3.98,2125.0,0.00517464424320828,0.7,0.2831
DENICRAAS Pendants Ceiling Lamp(Black),DENICRAAS Pendants,14,4.0,674.0,0.00129366106080207,0.7058823529411764,0.2831
BAJAJ Masterchef 3.0 food processor 600 W Food Processor(White),BAJAJ Masterchef,10,4.0,6299.0,0.00086244070720138,0.7058823529411764,0.2829
"TOBY Baby desk, kids study table and chair height adjustable Metal Desk Chair(Fi",TOBY Baby,10,4.0,3661.0,0.00086244070720138,0.7058823529411764,0.2829
"Khadi Cotton Printed Black, White Men Dupatta",Khadi Cotton,10,4.0,299.0,0.00086244070720138,0.7058823529411764,0.2829
Spotzero by Milton Refill(Grey),Spotzero Milton,100,3.95,289.0,0.010564898663216905,0.6911764705882353,0.2828
LUMINOUS Vento Dlx 150 mm 5 Blade Exhaust Fan(White),LUMINOUS Vento,130,3.9307692307692306,1448.0,0.013799051315222079,0.68552036199095,0.2825
Butterfly Rhino 2 Ltr Wet Grinder??(Cherry Red),Butterfly Rhino,136,3.926470588235294,4396.0,0.014445881845623114,0.6842560553633217,0.2824
"Kadio Analog 20 cm X 20 cm Wall Clock(White, With Glass, Standard)",Kadio Analog,200,3.89,219.0,0.021345407503234153,0.6735294117647059,0.2822
"METRO LIVING 104 TC Cotton Double Animal Flat Bedsheet(Pack of 1, Pink)",METRO LIVING,385,3.787012987012987,409.0,0.04128934885726607,0.643239113827349,0.2821
"IFB Neptune FX Free Standing 12 Place Settings with Germ-Free Hygienic Wash, Mad",IFB Neptune,40,3.975,29990.0,0.004096593359206555,0.6985294117647058,0.2819
realme Smart Tv Stick Media Streaming Device??(Black),realme Smart,130,3.923076923076923,2999.0,0.013799051315222079,0.683257918552036,0.2816
RBGIIT Pack of 8 Stainless Steel Stainless Steel Copper Bottom Cooking & Serving,RBGIIT Pack,200,3.885,650.0,0.021345407503234153,0.6720588235294116,0.2816
"KAYZL Manual Hand Juicer 0 Juicer (3 Jars, Green)",KAYZL Manual,98,3.938775510204082,399.0,0.01034928848641656,0.687875150060024,0.2814
"ZEBRONICS ZEB-BT701 RUCF 70 W Bluetooth Home Theatre(Black, 7.1 Channel)",ZEBRONICS RUCF,97,3.9381443298969074,2999.0,0.010241483398016386,0.687689508793208,0.2812
Flipkart SmartBuy Pack of 61 Stainless Steel Dinner Set(Silver),Flipkart SmartBuy,171,3.8947368421052633,2443.0,0.018219059939629148,0.6749226006191951,0.2809
DeoDap Microfiber Car Cleaning Duster for Multi-Purpose Use Wet and Dry Duster M,DeoDap Microfiber,100,3.93,199.0,0.010564898663216905,0.6852941176470588,0.2805
"Men Solid Single Breasted Party, Formal Blazer??(Blue)",Men Solid,30,3.966666666666667,4079.0,0.00301854247520483,0.696078431372549,0.2802
"Men Solid Single Breasted Casual, Wedding Blazer??(Black)",Men Solid,170,3.888235294117647,1471.0,0.018111254851228976,0.6730103806228374,0.2801
"PHILIPS by Phlips HR1887/81 150 Juicer (1 Jar, White)",PHILIPS Phlips,27,3.962962962962963,13049.0,0.0026951272100043124,0.6949891067538125,0.2796
EUREKA FORBES Trendy Zip Dry Vacuum Cleaner with Reusable Dust Bag(Red & Black),EUREKA FORBES,417,3.7458033573141485,2799.0,0.044739111686071587,0.6311186345041613,0.2793
Trixzoom Solid Ultimate Pastel Rose Gold Happy Birthday Decoration Set - 119 Pcs,Trixzoom Solid,200,3.86,399.0,0.021345407503234153,0.664705882352941,0.2787
NARV Pack of 5 Stainless Steel Stainless Steel Copper Bottom Cooking Serving Pot,NARV Pack,60,3.933333333333333,599.0,0.006252695127210005,0.6862745098039214,0.2783
"AnshiEnterises FLEXIBLE YELLOW HOSE PIPE ( INCH ,12 mm) With Water Spray Gun Hos",AnshiEnterises FLEXIBLE,100,3.91,544.0,0.010564898663216905,0.6794117647058824,0.2781
Catvision DD FreeDish DTH MPEG4 HD Set Top Box for 115+ FREE TV & WiFi Media Med,Catvision FreeDish,47,3.9361702127659575,1550.0,0.004851228978007762,0.6871088861076344,0.2778
Prestige PWG 07 Wet Grinder??(Black),Prestige PWG,154,3.8766233766233764,4330.0,0.016386373436826217,0.6695951107715812,0.2777
"BAJAJ 3 L Instant Water Geyser (Ivora/ flora, White)",BAJAJ,250,3.824,2599.0,0.026735661923242775,0.6541176470588235,0.2777
"D-Link DIR-825 AC1200 Wi-Fi Gigabit 1200 Mbps Wireless Router??(Black, Dual Band",Other,210,3.842857142857143,2499.0,0.022423458387235876,0.6596638655462184,0.2773
HP 805 Tri-Color Ink Cartridge,Other,124,3.8870967741935485,789.0,0.013152220784821044,0.6726755218216318,0.277
SUMITRA ENTERPRISES Soft Plush Cushion Baby Sofa Seat or Rocking Chair for Kids ,SUMITRA ENTERPRISES,100,3.9,495.0,0.010564898663216905,0.6764705882352939,0.2769
"Hari Darshan Mix Cones | Dry Dhoop Sticks |Lavender|Rose|Sandal|Mogra Sandal, Ro",Hari Darshan,32,3.9375,125.0,0.003234152652005175,0.6875,0.2769
sanyasi ayurveda Sanyasi Sehat Tablet - Ayurvedic Medicine For Weight Gain,sanyasi ayurveda,300,3.7866666666666666,699.0,0.032125916343251404,0.6431372549019607,0.2765
Sheen Wet and Dry Microfiber Cleaning Cloth(10 Units),Sheen Wet,200,3.84,269.0,0.021345407503234153,0.6588235294117646,0.2763
"boAt 18W Power WCD QC3A Charger combo Compatible with Vivo,Oppo,Gionee,Xiomi,Red",boAt Power,400,3.73,449.0,0.042906425183268655,0.6264705882352941,0.2763
Miss & Chief by Flipkart Chargeable 3D Remote Control Lighting Famous Car for 3+,Miss Chief,40,3.925,599.0,0.004096593359206555,0.6838235294117645,0.276
LUMINA PLUS LED LIGHTING Metal E26/E27 Pendant Ceiling Hanging Lights Lamp (Blac,LUMINA PLUS,40,3.925,797.0,0.004096593359206555,0.6838235294117645,0.276
"SQUICKLE Magic Silicone Dish Washing Gloves, Silicon Cleaning Gloves, Silicon Ha",SQUICKLE Magic,58,3.913793103448276,199.0,0.00603708495040966,0.6805273833671399,0.2758
CuteKitchen CK ET 66 Lakshman TV unit Engineered Wood TV Entertainment Unit(Fini,CuteKitchen,100,3.89,5022.0,0.010564898663216905,0.6735294117647059,0.2758
Furnifry Floating wall mounted tv stand/Set Top Box Holder/TV Unit for living ro,Furnifry Floating,15,3.933333333333333,1999.0,0.0014014661492022424,0.6862745098039214,0.2754
Tata Sky Tatasky Old model DTH Compatible Setup box Remote- Black Tata Sky Remot,Tata Sky,38,3.9210526315789473,210.0,0.00388098318240621,0.6826625386996903,0.2754
"Men Solid Single Breasted Wedding, Casual, Festive Blazer??(Blue)",Men Solid,27,3.925925925925926,749.0,0.0026951272100043124,0.6840958605664487,0.2753
the indian casa Cricket Net 10x20 Feet Nylon Cricket Boundary And Practice Net (,the indian,13,3.923076923076923,340.0,0.0011858559724018975,0.683257918552036,0.274
"D&V ENGINEERING Sturdy Set top Box Stand,DVD,DTH,Telephone, WiFi Modems Stand fo",ENGINEERING Sturdy,42,3.9047619047619047,859.0,0.0043122035360069,0.6778711484593836,0.2737
"Flipkart SmartBuy Blue Cotton Carpet(136 cm,  X 180 cm, Rectangle)",Flipkart SmartBuy,84,3.880952380952381,389.0,0.008840017248814145,0.6708683473389354,0.2737
AOQ Cleaning Brush Feather Microfiber Duster with Extendable Rod Dust Cleaner Fi,AOQ Cleaning,100,3.87,299.0,0.010564898663216905,0.6676470588235295,0.2734
"DEMYA KINF OF STEEL Solid wood Desk Chair(Finish Color - Multicolor, Pre-assembl",DEMYA KINF,55,3.890909090909091,606.0,0.005713669685209142,0.6737967914438503,0.2729
Loafers For Men??(Black),Loafers For,256,3.77734375,299.0,0.02738249245364381,0.6403952205882353,0.2726
"Saral Home Microfiber Bathroom Mat(Grey, Medium)",Saral Home,100,3.86,387.0,0.010564898663216905,0.664705882352941,0.2722
Greenchef Solona Table Top Grinder Wet Grinder??(Pink),Greenchef Solona,100,3.86,3599.0,0.010564898663216905,0.664705882352941,0.2722
CRAFTIFY High Quality 2000 W Immersion Heater Rod??(Water),CRAFTIFY High,65,3.876923076923077,290.0,0.006791720569210867,0.6696832579185519,0.2719
"WONDERCHEF Nutri Pot Electric Pressure Cooker??(3 L, Black & Silver)",WONDERCHEF Nutri,20,3.9,6099.0,0.001940491591203105,0.6764705882352939,0.2718
BLUECHIP BL60SmartTV3.1Amp TV Voltage Stabilizer for LED TV/Smart TV Up to 60+ I,BLUECHIP,36,3.888888888888889,1453.0,0.0036653730056058647,0.6732026143790848,0.2715
"Ebee Engineered Wood Computer Desk(Modular, Finish Color - Wenge, DIY(Do-It-Your",Ebee Engineered,156,3.8205128205128207,3091.3076923076924,0.016601983613626563,0.6530920060331824,0.2712
"Tata Sky (Works with all TV) Tatasky set top box, Tatasky SD set top box, Tatask",Tata Sky,10,3.9,209.0,0.00086244070720138,0.6764705882352939,0.2711
Krishna Creation Laptop table 1004 Wood Portable Laptop Table (Finish Color - Bl,Krishna Creation,19,3.8947368421052633,499.0,0.0018326865028029326,0.6749226006191951,0.2711
"SportSoul Cotton Gym & Athletic Abdomen Support(Grey, Blue)",SportSoul Cotton,10,3.9,449.0,0.00086244070720138,0.6764705882352939,0.2711
"Supreme Plastic Rocking Chair(Finish Color - Red-Yellow, DIY(Do-It-Yourself))",Supreme Plastic,10,3.9,949.0,0.00086244070720138,0.6764705882352939,0.2711
Greenery Hub Home Garden Flowers Seeds 40 Varieties Seeds Combo With Instruction,Greenery Hub,700,3.5185714285714287,152.0,0.0752479517033204,0.5642857142857143,0.2709
"CLOTHOLOGY 144 TC Cotton Double Printed Flat Bedsheet(Pack of 1, White, Yellow)",CLOTHOLOGY,109,3.8440366972477062,329.0,0.011535144458818456,0.6600107933081489,0.2709
MVL 9W 7-in-1 Roun LED Conceal Panel Down Light Colour Changing Light (Red/Blue/,MVL,55,3.8727272727272726,597.0,0.005713669685209142,0.6684491978609624,0.2708
"Tankit 360 degree Spin Mop With 6 Refills, Durable Bucket With Extendable Handle",Tankit degree,420,3.6714285714285713,799.0,0.0450625269512721,0.6092436974789914,0.2707
Men Solid Single Breasted Casual Blazer??(Black),Men Solid,156,3.8141025641025643,1530.4102564102564,0.016601983613626563,0.651206636500754,0.2704
"USHA FP 3810_ 1000 W Food Processor(Black, Silver)",USHA,124,3.8306451612903225,9990.0,0.013152220784821044,0.6560721062618595,0.2703
Flipkart SmartBuy Bucket Spin Mop Floor Cleaning and Mopping System2 Microfiber ,Flipkart SmartBuy,116,3.8275862068965516,619.0,0.012289780077619664,0.6551724137931034,0.2694
"Preethi WG 907 Wet Grinder??(Purple, White, Silver)",Preethi,24,3.875,7079.0,0.002371711944803795,0.6691176470588234,0.2691
"Crompton Hill Briz Deco 1200 mm 3 Blade Ceiling Fan(Smoked Brown, Pack of 1)",Crompton Hill,130,3.8153846153846156,1799.0,0.013799051315222079,0.6515837104072397,0.2689
"wood city handicrafts wooden round side coffee table ,end table for living room ",wood city,100,3.83,359.0,0.010564898663216905,0.6558823529411764,0.2687
"BROWNIE Engineered Wood Computer Desk(Straight, Finish Color - Brown, Pre-assemb",BROWNIE Engineered,100,3.83,1299.0,0.010564898663216905,0.6558823529411764,0.2687
Exclusive Affordable Collection of Trendy & Stylish Sport Sneakers Shoes Running,Exclusive Affordable,129,3.813953488372093,299.0,0.013691246226821907,0.6511627906976745,0.2687
VIBOTON HDMI Switch 2 Port Bi-Directional Manual HDMI hub 2 in 1 Out or 1 in 2 O,VIBOTON HDMI,30,3.8666666666666667,427.0,0.00301854247520483,0.6666666666666665,0.2685
Embroco Polyester Fibre Solid Cushion Pack of 5(White),Embroco Polyester,134,3.8059701492537314,472.13432835820896,0.014230271668822769,0.6488147497805092,0.2681
Manogyam Soft Comfortable Heel silicone Gel Set 2 Pieces Shoe Heel Protector Pai,Manogyam Soft,95,3.8210526315789473,59.0,0.010025873221216041,0.653250773993808,0.2673
Demya king of steel Plywood And Metal Study Playing Table Chair Set For Kids(Red,Demya king,40,3.85,629.0,0.004096593359206555,0.6617647058823528,0.2672
"SportSoul Cotton Gym & Athletic Abdomen Support(Black, Blue)",SportSoul Cotton,192,3.765625,449.0,0.020482966796032773,0.6369485294117647,0.2671
F8WARES 16inch Reusable Dishwashing Industrial Gardening Cleaning Rubber Hand Gl,Reusable,76,3.8289473684210527,299.0,0.007977576541612765,0.6555727554179567,0.267
"RATNA'S Plastic Chair(Finish Color - Pink, DIY(Do-It-Yourself))",Plastic,50,3.84,849.0,0.00517464424320828,0.6588235294117646,0.2666
Flipkart Perfect Homes Sirena Engineered Wood TV Entertainment Unit(Finish Color,Flipkart Perfect,70,3.8285714285714287,6690.0,0.007330746011211729,0.6554621848739495,0.2666
Men Self Design Single Breasted Casual Blazer??(Maroon),Men Self,14,3.857142857142857,2999.0,0.00129366106080207,0.6638655462184873,0.2663
Butterfly Cresta 4 Jars 750 W Food Processor(Turquoise Green),Butterfly Cresta,14,3.857142857142857,7649.0,0.00129366106080207,0.6638655462184873,0.2663
"Home Full Bliss Engineered Wood TV Entertainment Unit(Finish Color - Wenge, Knoc",Home Full,100,3.81,8890.0,0.010564898663216905,0.6499999999999999,0.2663
"I Kall IK22 40 W Bluetooth Home Theatre(Black, 2.1 Channel)",Kall,530,3.569811320754717,1549.0,0.056921086675291076,0.5793562708102109,0.2659
KENT 16079 - Wet Grinder Wet Grinder??(White),KENT,13,3.8461538461538463,4999.0,0.0011858559724018975,0.6606334841628958,0.265
"Woodbuzz Engineered Wood Study Table(Free Standing, Finish Color - Wenge Brown, ",Woodbuzz Engineered,170,3.7588235294117647,3307.0,0.018111254851228976,0.634948096885813,0.2648
Pigeon Supremo Wet Grinder??(Cherry Red),Pigeon Supremo,95,3.8,3399.0,0.010025873221216041,0.6470588235294117,0.2648
"RBGIIT Latex Rubber Pink Special Dish Kitchen Platform Washing,Home Bathroom Gar",RBGIIT Latex,110,3.790909090909091,169.0,0.01164294954721863,0.6443850267379678,0.2647
Inalsa Maxie Marvel 800 W Food Processor(White),Inalsa Maxie,30,3.8333333333333335,6029.0,0.00301854247520483,0.6568627450980391,0.2646
"MANTAVYA Green Juicer New Model Hand Juicer Grinder 0 W Juicer (1 Jar, Green)",MANTAVYA Green,98,3.795918367346939,501.0,0.01034928848641656,0.6458583433373348,0.2646
JustandKrafts 75 L Blue Laundry Basket(Cotton),JustandKrafts,183,3.748633879781421,298.0,0.019512721000431218,0.6319511411121825,0.2645
"Ang Refill kit Compatible Dye ink for HP cartridge 805, 803, 680, 678, 682, 818,",Ang Refill,200,3.735,421.0,0.021345407503234153,0.6279411764705882,0.264
Fun and Flex Solid Jungle Theme Animal Face Foil Balloons Garland Arch Kit for B,Fun and,96,3.7916666666666665,268.0,0.010133678309616215,0.6446078431372548,0.2639
Velvet Embroidered Maroon Men Dupatta,Velvet Embroidered,18,3.8333333333333335,241.0,0.0017248814144027599,0.6568627450980391,0.2638
FLOSTON 250m.m. Antique Chandelier Jhoomar ceiling lamp Chandelier Ceiling Lamp(,FLOSTON Antique,200,3.73,850.0,0.021345407503234153,0.6264705882352941,0.2634
SportSoul Thumb Wrap Wrist Support(Grey),SportSoul Thumb,52,3.8076923076923075,199.0,0.005390254420008625,0.6493212669683257,0.263
Aero Seeds Aero Seeds 45 Varieties 2700+ seeds(Organic/Hybrid) Fruits & Vegetabl,Aero Seeds,300,3.67,184.0,0.032125916343251404,0.6088235294117645,0.2628
"ADONYX Combo of Knee,Palm, Elbow & Ankle Support",ADONYX Combo,56,3.8035714285714284,199.0,0.005821474773609315,0.6481092436974789,0.2627
"Butterfly Rapid 750 W Juicer Mixer Grinder (4 Jars, Black)",Butterfly Rapid,600,3.4983333333333335,2999.0,0.06446744286330315,0.5583333333333333,0.262
"LA VERNE Self Design Double Mink Blanket for  Heavy Winter(Woollen Blend, Pink)",VERNE Self,77,3.779220779220779,549.0,0.008085381630012937,0.6409472880061113,0.2612
CREZON Magic Dry Bucket Mop - 360 Degree Self Spin Wringing With 3 Super Absorbe,CREZON Magic,299,3.6454849498327757,799.0,0.03201811125485123,0.6016132205390516,0.2599
Airtel Airtel Universal Setup box Remote Digital Setup box Universal Remote Airt,Airtel Airtel,70,3.7714285714285714,209.0,0.007330746011211729,0.6386554621848739,0.2599
SAMSUNG DW60M5042FW/TL Free Standing 13 Place Settings Dishwasher,SAMSUNG Free,10,3.8,33990.0,0.00086244070720138,0.6470588235294117,0.2593
"Cosito 144 TC Cotton Double Floral Flat Bedsheet(Pack of 1, Multicolor)",Cosito,100,3.75,339.0,0.010564898663216905,0.6323529411764706,0.2593
Inalsa Verve 800W Food Processor with 100% Pure Copper Motor| 2 Multipurpose Jar,Inalsa Verve,24,3.7916666666666665,6495.0,0.002371711944803795,0.6446078431372548,0.2593
Magic Balloons Solid Birthday Decorations - 95Pcs Silver Happy Birthday Foil Bal,Magic Balloons,100,3.75,310.0,0.010564898663216905,0.6323529411764706,0.2593
K A Enterprises Solid metallic finish balloons for birthday / anniversary party ,Enterprises,64,3.765625,173.0,0.0066839154808106946,0.6369485294117647,0.2588
Rixen Cricket Net 20x10 Feet Cricket Net(Blue),Rixen Cricket,80,3.75,349.0,0.008408796895213455,0.6323529411764706,0.258
"Gojeeva Wooden Hanging Lamp suitable for Living Room,Bedroom,Hallway(pack of 2) ",Gojeeva Wooden,89,3.741573033707865,599.0,0.009379042690815007,0.6298744216787837,0.2576
"Woodbuzz Engineered Wood Study Table(Free Standing, Finish Color - Frosty White ",Woodbuzz Engineered,100,3.73,3307.0,0.010564898663216905,0.6264705882352941,0.2569
"Habitat Green Plastic Area Rug(45 cm,  X 120 cm, Rectangle)",Habitat Green,166,3.6927710843373496,253.0,0.017680034497628287,0.6155209071580439,0.2568
Hiru Party Light - 50W RGB LED Brick Light Remote IP65 LED Flood Light Flood Lig,Hiru Party,197,3.6751269035532994,230.0,0.021021992238033634,0.6103314422215587,0.2567
GaxQuly Multipurpose Vegetable Fruit Handy Chopper Machine with stainless steel ,GaxQuly Multipurpose,13,3.769230769230769,379.0,0.0011858559724018975,0.6380090497737556,0.2559
Inalsa Fiesta Lx 650 W Food Processor(White),Inalsa Fiesta,357,3.574229691876751,5039.0,0.038270806382061234,0.580655791728456,0.2552
"MAGICAL Floral Single Mink Blanket for  Heavy Winter(Microfiber, Brown)",MAGICAL Floral,200,3.64,499.0,0.021345407503234153,0.5999999999999999,0.2528
Butterfly Rapid Wet Grinder??(Grey),Butterfly Rapid,60,3.716666666666667,4899.0,0.006252695127210005,0.6225490196078431,0.2528
Midea WQP8-3802D Free Standing 8 Place Settings Intensive Kadhai Cleaning| No Pr,Midea Free,19,3.736842105263158,18990.0,0.0018326865028029326,0.6284829721362228,0.2525
Inalsa fiesta 650 W Food Processor(White),Inalsa fiesta,100,3.69,5390.0,0.010564898663216905,0.614705882352941,0.2522
Green Home Reusable Latex Hand Gloves for Kitchen Black Wet and Dry Glove(Free S,Green Home,100,3.68,158.0,0.010564898663216905,0.611764705882353,0.251
Allwin Home Cleaning 360 Spin Floor Cleaning Easy Advance Tech Bucket PVC Mop & ,Allwin Home,86,3.686046511627907,699.0,0.00905562742561449,0.6135430916552667,0.2509
"Kindly Designer Key Holders with phone stand ,Key Hnager,Key Stand for Wall Deco",Kindly Designer,66,3.696969696969697,159.0,0.0068995256576110395,0.6167557932263814,0.2508
"StarAndDaisy Plastic Study Table(Finish Color - Pink, DIY(Do-It-Yourself))",StarAndDaisy Plastic,11,3.727272727272727,3999.0,0.0009702457956015525,0.6256684491978608,0.2508
PHILIPS by philips HL7577/00 VIVA COLLECTION 600 Juicer (Multicolor),PHILIPS philips,56,3.6964285714285716,3268.0,0.005821474773609315,0.6165966386554622,0.2501
"USHA FP 3811_ 1000 W Food Processor(Black, Silver)",USHA,100,3.67,11500.0,0.010564898663216905,0.6088235294117645,0.2499
"3D METRO SUPER STORE JUICER_Gduumy 1 Juicer,1 Handle,1 Jar,1 Glass 0 Juicer (1 J",METRO SUPER,100,3.67,417.0,0.010564898663216905,0.6088235294117645,0.2499
Casewilla Mobile Stand Holder for Table with Adjustable Height |Update 2021 360 ,Casewilla Mobile,120,3.658333333333333,210.0,0.012721000431220354,0.605392156862745,0.2498
"lectose Wood Portable Laptop Table(Finish Color - black, Pre Assembled)",lectose Wood,46,3.6956521739130435,415.0,0.00474342388960759,0.6163682864450126,0.2494
Men Slim Fit Black Cotton Blend Trousers,Men Slim,482,3.4522821576763487,499.0,0.0517464424320828,0.5447888699048085,0.249
"ZUNBELLA 3D Super Transparent Car Toy, Car Toy for Kids with 360 Degree Rotation",ZUNBELLA Super,100,3.66,315.0,0.010564898663216905,0.6058823529411765,0.2487
Men Solid Single Breasted Casual Blazer??(Blue),Men Solid,95,3.663157894736842,1836.6842105263158,0.010025873221216041,0.6068111455108358,0.2487
COMBO 4 quantity bottle cork led string lights 2 meter 20 led warm white 20 LEDs,COMBO quantity,100,3.66,184.0,0.010564898663216905,0.6058823529411765,0.2487
"Goodrik 140 TC Cotton Double 3D Printed Flat Bedsheet(Pack of 1, Brown)",Goodrik,300,3.55,229.0,0.032125916343251404,0.5735294117647058,0.2487
"CHETANYA LOOMTEX Green Polypropylene, River Grass Carpet(40 cm,  X 60 cm, Rectan",CHETANYA LOOMTEX,36,3.6944444444444446,275.0,0.0036653730056058647,0.6160130718954249,0.2486
"Adonai POT1.5LPINK Rice Cooker, Food Steamer, Travel Cooker, Slow Cooker, Electr",Adonai Rice,200,3.6,599.0,0.021345407503234153,0.588235294117647,0.2481
Prestige PWG 09 Wet Grinder with Timer??(Black),Prestige PWG,53,3.6792452830188678,5300.0,0.005498059508408797,0.611542730299667,0.2479
Spherix Plain White PVC ID Cards For InkJet Printers - Set of 230 Single Color I,Spherix Plain,10,3.7,999.0,0.00086244070720138,0.6176470588235294,0.2476
Men Self Design Single Breasted Casual Blazer??(Brown),Men Self,10,3.7,3479.0,0.00086244070720138,0.6176470588235294,0.2476
Inalsa Wonder Maxie Plus 700 W Food Processor(White),Inalsa Wonder,10,3.7,5919.0,0.00086244070720138,0.6176470588235294,0.2476
Pack of 3 Solid Men Multicolor Bermuda Shorts,Pack,173,3.601156069364162,395.0,0.018434670116429495,0.588575314518871,0.2465
Men Graphic Print Round Neck White T-Shirt,Men Graphic,319,3.520376175548589,269.0,0.03417421302285468,0.5648165222201733,0.2464
Google Nest Mini (2nd Gen) with Google Assistant with Google Assistant Smart Spe,Google Nest,200,3.585,3499.0,0.021345407503234153,0.5838235294117646,0.2463
VEDRID 10Watt LED Ceiling Down Light White Round (Pack of 12) Recessed Ceiling L,VEDRID LED,22,3.6818181818181817,899.0,0.00215610176800345,0.6122994652406415,0.2462
"Verona LAPTOP TABLE FOLDABLE001 Wood Portable Laptop Table(Finish Color - Black,",Verona LAPTOP,100,3.63,555.0,0.010564898663216905,0.5970588235294116,0.2452
DaduGirase Cleaning Brush Feather Microfiber Duster with Extendable Rod Dust Cle,DaduGirase Cleaning,30,3.6666666666666665,270.0,0.00301854247520483,0.6078431372549018,0.2449
"SB 33 W 4 A Mobile 33W -VOOC,DART,FLASH DH561 with Type-C Cable Charging Adapter",Other,41,3.658536585365854,399.0,0.0042043984476067275,0.6054519368723099,0.2447
LICAN 301 Steel Coat Pack of 12 Hangers For  Coat(Steel),LICAN Steel,200,3.57,156.0,0.021345407503234153,0.5794117647058823,0.2446
Jagjeet 16NOALMWHITE HAND JIUCERS 0 Juicer (Silver),Jagjeet HAND,59,3.6440677966101696,999.0,0.006144890038809832,0.6011964107676968,0.2442
DALUCI Set Top Box Stand / WIFI Router Stand / Wall Mount Stand / Wifi Holder MD,DALUCI Set,12,3.6666666666666665,359.0,0.001078050884001725,0.6078431372549018,0.2438
thos 5 Layer Simple Bookshelf/Multipurpose Rack/Children Bookcases/File Rack for,thos Layer,490,3.3979591836734695,793.2857142857143,0.05260888313928418,0.5288115246098439,0.2431
BAJAJ 410053 600 W Food Processor(Multicolor),BAJAJ,20,3.65,6589.0,0.001940491591203105,0.6029411764705881,0.2423
Men Solid Single Breasted Formal Blazer??(Black),Men Solid,28,3.642857142857143,3249.0,0.002802932298404485,0.6008403361344536,0.242
LEADER XTREME 26T REAR SUSPENSION FOR MTB RIDER 26 T Mountain Cycle(Single Speed,LEADER XTREME,100,3.6,6299.0,0.010564898663216905,0.588235294117647,0.2416
Tata Sky Tatasky 03 Dth Univeral SD / HD Set Up Box Remote Controller with Batte,Tata Sky,53,3.6226415094339623,205.0,0.005498059508408797,0.5948945615982242,0.2413
Tryka 5730 Led Strip/Cove Light 72 Led/Meter-6 Meters color:Warm White with 1 ad,Tryka Led,30,3.6333333333333333,522.0,0.00301854247520483,0.5980392156862744,0.241
"limraz furniture L 56 Engineered Wood Study Table(Free Standing, Finish Color - ",limraz furniture,300,3.4833333333333334,1298.0,0.032125916343251404,0.553921568627451,0.2408
Inalsa Easy Prep_ 800 W Food Processor(Black),Inalsa Easy,80,3.6,4399.0,0.008408796895213455,0.588235294117647,0.2403
Men Solid Single Breasted Formal Blazer??(Grey),Men Solid,32,3.625,1867.75,0.003234152652005175,0.5955882352941175,0.2402
Diem RUNWET 360 Spin Floor Cleaning Easy Advance Tech Bucket PVC Mop & Rotating ,Diem RUNWET,100,3.58,681.0,0.010564898663216905,0.5823529411764705,0.2393
"BAJAJ Crest Neo 1200 mm 3 Blade Ceiling Fan(Brown, Pack of 1)",BAJAJ Crest,164,3.5365853658536586,1349.0,0.017464424320827943,0.569583931133429,0.2383
Shri Vasunandi Traders chandelier_jhoomar_pendent light Chandelier Ceiling Lamp(,Shri Vasunandi,100,3.57,505.0,0.010564898663216905,0.5794117647058823,0.2381
DDARSH ENTERPRISE Wet and Dry Duster Set,DDARSH ENTERPRISE,100,3.57,246.0,0.010564898663216905,0.5794117647058823,0.2381
Choose The Correct ?? LED Music Bulb with Bluetooth Speaker Music Color changing,Choose The,23,3.608695652173913,379.0,0.0022639068564036225,0.5907928388746801,0.2377
Men Checkered Single Breasted Formal Blazer??(Dark Blue),Men Checkered,15,3.6,3249.0,0.0014014661492022424,0.588235294117647,0.2361
MRF (SIZE-6) TANNIS WOODEN KASHMERI POPULER WILLOW Poplar Willow Cricket  Bat(0.,MRF TANNIS,27,3.5925925925925926,302.0,0.0026951272100043124,0.5860566448801743,0.236
"RATNA'S Plastic Chair(Finish Color - BLUE, Pre-assembled)",Plastic,52,3.576923076923077,849.0,0.005390254420008625,0.5814479638009049,0.2358
GLORIEUX ART Beautiful Antique Wooden Fold-able Side Table/End Table/Stool Livin,GLORIEUX ART,100,3.55,470.0,0.010564898663216905,0.5735294117647058,0.2358
"PHILIPS GC523/60 1600 W Garment Steamer??(Gold, Water)",PHILIPS,10,3.6,8499.0,0.00086244070720138,0.588235294117647,0.2358
"RATNA'S Plastic Chair(Finish Color - GREEN, Pre-assembled)",Plastic,52,3.576923076923077,849.0,0.005390254420008625,0.5814479638009049,0.2358
GADGETWEAR Multipurpose Microfiber Magic Fan Cleaning Brush with Long Rod for ca,GADGETWEAR Multipurpose,58,3.5689655172413794,249.0,0.00603708495040966,0.579107505070994,0.2353
Dallao Waterproof Remote Controlled Rock Crawler RC Monster Car With Wheel Remot,Dallao Waterproof,613,3.264274061990212,967.6101141924959,0.06586890901250539,0.48949237117359173,0.2353
Qubo Smart Cam 360 by HERO GROUP 1080p Full HD WiFi CCTV with Intruder Alarm Sys,Qubo Smart,47,3.574468085106383,2490.0,0.004851228978007762,0.5807259073842301,0.2352
"Chipku Yellow Sticky Trap/Insect Trap/Glue Trap/for Whiteflies Thrips,for Garden",Chipku Yellow,38,3.5789473684210527,212.0,0.00388098318240621,0.5820433436532506,0.2351
"Flipkart SmartBuy 10W Fast Charger , Compatible with Vivo,Oppo,Gionee,Xiomi,Redm",Flipkart SmartBuy,100,3.54,299.0,0.010564898663216905,0.5705882352941176,0.2346
Prestige PWG 08 Wet Grinder??(Black),Prestige PWG,100,3.54,4000.0,0.010564898663216905,0.5705882352941176,0.2346
"ROYAL TREND Fabric Sofa(Finish Color - Pink, Pre-assembled)",ROYAL TREND,100,3.54,464.0,0.010564898663216905,0.5705882352941176,0.2346
Chipku Sticky Trap Non Toxic and Chemical Free Fly Trap/Insect Catcher/Sticky Pa,Chipku Sticky,19,3.5789473684210527,166.0,0.0018326865028029326,0.5820433436532506,0.2339
MOOZMOB Shower Laser Light(Ball Diameter: 3 cm),MOOZMOB Shower,37,3.5675675675675675,178.0,0.0037731780940060376,0.5786963434022256,0.2337
Men Blue Genuine Leather Wallet - Mini??(6 Card Slots),Men Blue,205,3.4682926829268292,499.0,0.021884432945235014,0.5494978479196555,0.2329
Men Brown Sandal,Men Brown,138,3.5,434.0,0.014661492022423459,0.5588235294117647,0.2323
"Trend TE-Magic Silicone Dish Washing Gloves, Silicon Cleaning Gloves, Silicon Ha",Trend Silicone,100,3.52,222.0,0.010564898663216905,0.5647058823529412,0.2322
Magic Balloons Solid Happy Birthday Balloon Set Of 35 Balloons 1 Happy Birthday ,Magic Balloons,100,3.52,193.0,0.010564898663216905,0.5647058823529412,0.2322
"Demya king of steel Solid wood Desk Chair(Finish Color - RED, Pre-assembled)",Demya king,40,3.55,777.0,0.004096593359206555,0.5735294117647058,0.2319
Lakshmi ez Wet Grinder??(Maroon),Lakshmi Wet,31,3.5483870967741935,3746.0,0.0031263475636050023,0.573055028462998,0.2311
Qubo Outdoor Cam by HERO GROUP IP65 1080p Full HD CCTV with Intruder Alarm Syste,Qubo Outdoor,182,3.4615384615384617,2990.0,0.019404915912031046,0.5475113122171946,0.2306
Sarika Enterprises Mickey Mouse Shaped Soft Plush Cushion Fabric Sofa(Finish Col,Sarika Enterprises,200,3.45,470.0,0.021345407503234153,0.5441176470588236,0.2305
ADZOY Metal Lazy Stand Bracket for Neck Rest on Bed 360 Degree Mobile Holder Mob,ADZOY Metal,62,3.5161290322580645,284.0,0.00646830530401035,0.5635673624288424,0.2293
"SIE STORE Solid Single Comforter for  Mild Winter(Microfiber, Maroon & Grey)",SIE STORE,32,3.53125,901.0,0.003234152652005175,0.5680147058823528,0.2291
Donizard store Wet and Dry Glove Set(Free Size Pack of 2),Donizard store,36,3.5277777777777777,193.0,0.0036653730056058647,0.5669934640522876,0.229
"Giftoshopee Wooden & Iron Rocking Chair ,Garden Rocking Chair Solid Wood 1 Seate",Giftoshopee Wooden,13,3.5384615384615383,5414.0,0.0011858559724018975,0.5701357466063348,0.2288
SAMSUNG DW60M5042FS/TL Free Standing 13 Place Settings Dishwasher,SAMSUNG Free,15,3.533333333333333,29390.0,0.0014014661492022424,0.5686274509803921,0.2283
liger Dust Cleaning Mop Brush Wet Duster,liger Dust,49,3.510204081632653,295.0,0.005066839154808107,0.5618247298919568,0.2278
Mayne Exceed Helicopter With Remote Control Charging Helicopter Toys for Girls B,Mayne Exceed,14,3.5,369.0,0.00129366106080207,0.5588235294117647,0.2243
"Candes 12 L Room/Personal Air Cooler??(White, Black, Elegant High Speed-Honey Co",Candes,10,3.5,3999.0,0.00086244070720138,0.5588235294117647,0.224
Men Solid Single Breasted Formal Blazer??(Maroon),Men Solid,10,3.5,1747.0,0.00086244070720138,0.5588235294117647,0.224
ESET Total Security 1.0 User 1 Year(CD/DVD),ESET Total,10,3.5,749.0,0.00086244070720138,0.5588235294117647,0.224
Funtastik Steel Shirt Pack of 12 Hangers For  Shirt(Silver),Funtastik Steel,180,3.4055555555555554,171.0,0.019189305735230703,0.5310457516339868,0.2239
VICTORY Medium Weight ( Pack of 1 ) Rubber Cricket Tennis Ball Cricket Rubber Ba,VICTORY Medium,46,3.4782608695652173,59.0,0.00474342388960759,0.5524296675191815,0.2238
"NISE RLDO-500, Trendy & Stylish , Made of MDF engineered wood Desk Chair(Finish ",NISE Trendy,25,3.48,3035.0,0.0024795170332039674,0.5529411764705883,0.2227
MRF ENDORSED | for Light/Hard Tennis Ball [with Cover] | Full Size (SH) Natural ,MRF ENDORSED,183,3.387978142076503,499.0,0.019512721000431218,0.5258759241401478,0.2221
"SHF Velvet Door Mat(Multicolor, Large, Pack of 5)",SHF Velvet,200,3.36,160.0,0.021345407503234153,0.5176470588235293,0.2199
Solid Men Three Fourths,Solid Men,294,3.306122448979592,591.9795918367347,0.03147908581285037,0.5018007202881152,0.2196
Yutiriti 10 Pc Round Hanging Ball Paper Lantern Multicolor Paper Hanging Lantern,Yutiriti,50,3.44,497.0,0.00517464424320828,0.5411764705882351,0.2196
AnshiEnterises 30 METER METALLIC BLUE HOSE PIPE ( INCH 12 mm) WITH 7 PATTERN WAT,AnshiEnterises METER,20,3.45,1249.0,0.001940491591203105,0.5441176470588236,0.2188
Men Printed Bandhgala Party Blazer??(Multicolor),Men Printed,72,3.4166666666666665,1782.0,0.007546356188012074,0.534313725490196,0.2183
Zofiy 6 Layer Metal Frame Clothes Organizer - Maroon PP Collapsible Wardrobe(Fin,Zofiy Layer,100,3.4,655.0,0.010564898663216905,0.5294117647058822,0.2181
"Pigeon Glory 550 W Mixer Grinder (Multicolor, 3 Jars) with IB 3 Ltr Pressure Coo",Pigeon Glory,86,3.4069767441860463,2995.0,0.00905562742561449,0.5314637482900135,0.218
"Soaring Engineered Wood Study Table(Finish Color - green, DIY(Do-It-Yourself))",Soaring Engineered,100,3.39,357.0,0.010564898663216905,0.5264705882352942,0.2169
Sarvatr 20 Watt 4 Fan Blade Shape led Bulb Pendants Ceiling Lamp(White),Sarvatr Watt,135,3.3703703703703702,245.0,0.014338076757222942,0.5206971677559913,0.2169
"CLOTHSIDE 104 TC Cotton Double Jaipuri Prints Flat Bedsheet(Pack of 1, Blue)",CLOTHSIDE,100,3.38,339.0,0.010564898663216905,0.5235294117647058,0.2158
"Clastik Solid Wood Study Table(Finish Color - Multi Color, Pre-assembled)",Clastik Solid,60,3.4,298.0,0.006252695127210005,0.5294117647058822,0.2155
Preethi WG-905 Wet Grinder??(Purple),Preethi Wet,29,3.413793103448276,5149.0,0.0029107373868046574,0.533468559837728,0.2151
"chawla overseas Red Cotton Carpet(152 cm,  X 214 cm, Rectangle)",chawla overseas,100,3.37,361.0,0.010564898663216905,0.5205882352941176,0.2146
Men Solid Single Breasted Formal Blazer??(Blue),Men Solid,17,3.411764705882353,3749.0,0.0016170763260025874,0.532871972318339,0.2141
Men Blue Sandal,Men Blue,54,3.388888888888889,799.0,0.00560586459680897,0.5261437908496731,0.2138
Men Black Sandal,Men Black,876,2.9292237442922375,299.0,0.09422164726175077,0.3909481600859522,0.2129
TYF CRICKET BAT POPLAR WILLOW FULL SIZE CRICKET BAT Poplar Willow Cricket Bat Po,TYF CRICKET,20,3.4,520.0,0.001940491591203105,0.5294117647058822,0.2129
"Decorum 188 TC Polycotton Double Floral Flat Bedsheet(Pack of 1, Multicolor)",Decorum,100,3.35,229.0,0.010564898663216905,0.5147058823529411,0.2122
"GiftMax Smart Watch Magnetic Suction Charger For 2 Pin (Noise Colorfit Pro 2,3, ",GiftMax Smart,46,3.369565217391304,269.0,0.00474342388960759,0.5204603580562659,0.211
SSTOYS 3D Fast Modern Car??(Multicolor),SSTOYS Fast,310,3.2225806451612904,260.0,0.03320396722725313,0.47722960151802657,0.2108
PHILIPS hl 1660 700 W Food Processor(White),PHILIPS,13,3.3846153846153846,7999.0,0.0011858559724018975,0.5248868778280542,0.2107
"aybor calling smartwatch with bluetooth Smartwatch(Black Strap, FREE SIZE)",aybor calling,94,3.3191489361702127,1656.5,0.00991806813281587,0.5056320400500625,0.2082
"Pigeon Favourite 15024 500 W Juicer Mixer Grinder (4 Jars, White)",Pigeon Favourite,237,3.219409282700422,2099.0,0.025334195774040533,0.4762968478530653,0.2057
"TITIRANGI Pack of 12) Multipurpose Kitchen Roti Napkin/Cloth, Table Duster Wiper",TITIRANGI Pack,27,3.3333333333333335,279.0,0.0026951272100043124,0.5098039215686274,0.2055
KL-TECH Dth direct to home DD Free Dish Set Top Box Receiver Free to Air for (DT,Dth direct,21,3.3333333333333335,749.0,0.0020482966796032775,0.5098039215686274,0.2052
"Sheen multicolour,30cmX40cm,250GSM Dry Cotton Cleaning Cloth(12 Units)",Sheen Dry,46,3.3043478260869565,507.0,0.00474342388960759,0.5012787723785166,0.2034
Sument USB Decoration Star Light Projector Light/Disco Light/Car Night Lamp Deco,Sument USB,200,3.22,155.0,0.021345407503234153,0.47647058823529415,0.2034
HP 803 Small Black Ink Cartridge,Small,50,3.3,809.0,0.00517464424320828,0.49999999999999994,0.2031
"Urban Home 214 cm (7.02 ft) PVC Transparent Door Curtain Single Curtain(Solid, O",Urban Home,90,3.2777777777777777,199.0,0.00948684777921518,0.49346405228758167,0.2031
ANTIOUE MART Wooden Set Top Box Stand Wall Mounted TV Cabinets Wall Selves Holds,ANTIOUE MART,110,3.2545454545454544,492.54545454545456,0.01164294954721863,0.48663101604278064,0.2016
"Growing Decorishing 300 TC Polycotton Double 3D Printed Flat Bedsheet(Pack of 1,",Growing Decorishing,42,3.2857142857142856,258.0,0.0043122035360069,0.49579831932773105,0.2009
Inalsa Maxie Premia 800 W Food Processor(Grey PU Spray Painted),Inalsa Maxie,10,3.3,7909.0,0.00086244070720138,0.49999999999999994,0.2005
"Rudra creations Metal Desk Chair(Finish Color - Blue, DIY(Do-It-Yourself))",Rudra creations,10,3.3,645.0,0.00086244070720138,0.49999999999999994,0.2005
"LA VERNE Self Design Double Mink Blanket for  Heavy Winter(Woollen Blend, Grey)",VERNE Self,140,3.2214285714285715,549.0,0.014877102199223804,0.47689075630252103,0.1997
"pb mandira plant Strawberry Plant(Hybrid, Pack of 1)",mandira plant,18,3.2777777777777777,129.0,0.0017248814144027599,0.49346405228758167,0.1984
Hiru LED BRICK LIGHT - 50W RGB LED Brick Light (Mini Party Light) Remote IP65 LE,Hiru LED,30,3.2666666666666666,222.0,0.00301854247520483,0.49019607843137253,0.1979
"Simple Trending PP Collapsible Wardrobe(Finish Color - Navyblue, DIY(Do-It-Yours",Simple Trending,300,3.1166666666666667,549.0,0.032125916343251404,0.44607843137254904,0.1977
"S . K Store Carbon Steel Collapsible Wardrobe(Finish Color - Black, DIY(Do-It-Yo",Other,300,3.1133333333333333,655.0,0.032125916343251404,0.4450980392156862,0.1973
LIFESTYLEGURU Shower Laser Light(Ball Diameter: 12 cm),LIFESTYLEGURU Shower,57,3.245614035087719,175.0,0.005929279862009487,0.48400412796697617,0.1972
"realme Mobile Game Finger Sleeves  Gaming Accessory Kit(Mottled Black, For Andro",realme Mobile,100,3.22,199.0,0.010564898663216905,0.47647058823529415,0.1969
Mi TV Stick with Built in Chromecast??(Black),Stick,148,3.175675675675676,2999.0,0.015739542906425184,0.46343402225755176,0.1948
"GLOBAL GREEN Dragon Tree(Hybrid, Pack of 5)",GLOBAL GREEN,300,3.06,154.0,0.032125916343251404,0.4294117647058823,0.191
"Unicrafts Shelf Organizers(Black, Cotton)",Unicrafts Shelf,10,3.2,178.0,0.00086244070720138,0.4705882352941177,0.1888
"Prestige Atlas Delight Electric Rice Cooker??(1.8 L, Blue)",Prestige Atlas,100,3.15,2399.0,0.010564898663216905,0.45588235294117646,0.1887
SAISWAR OXO Bio deagradable Dustbin garbage cover medium pack of 3 (19X21)inch b,SAISWAR OXO,120,3.1333333333333333,176.0,0.012721000431220354,0.45098039215686275,0.188
"Demya king of steel Solid wood Desk Chair(Finish Color - BLUE, Pre-assembled)",Demya king,61,3.1639344262295084,739.0,0.006360500215610177,0.4599807135969142,0.1878
colcum Collapsible Wardrobe 88130 Micro Fiber Collapsible Wardrobe(Finish Color ,colcum Collapsible,100,3.11,1097.0,0.010564898663216905,0.44411764705882345,0.184
"SB 30 W 4 A Mobile 30W -VOOC,DART,FLASH with Type-C Cable Charging Adapter Trave",Other,14,3.142857142857143,399.0,0.00129366106080207,0.453781512605042,0.1823
LACT ENTERPRISE LACT FOLDABLE 4 BLADE LED LIGHT 36 WATT WHITE PACK OF 1 Ceiling ,LACT ENTERPRISE,52,3.1153846153846154,248.0,0.005390254420008625,0.4457013574660634,0.1815
"MSB FAB Maroon Velvet Carpet(150 cm,  X 210 cm, Rectangle)",MSB FAB,143,3.062937062937063,369.0,0.015200517464424322,0.43027560674619497,0.1812
Mayne Flying Remote Control RC Induction Type 2-in-1 Indoor Outdoor Helicopter??,Mayne Flying,220,3.018181818181818,369.0,0.023501509271237602,0.4171122994652406,0.1809
Men Solid Single Breasted Festive & Wedding Blazer??(Blue),Men Solid,70,3.1,1719.0,0.007330746011211729,0.44117647058823534,0.1809
Qozent Hand Gloves For Kitchen Dish Washing Combo- Reusable Rubber Silicon House,Qozent Hand,100,3.06,199.0,0.010564898663216905,0.4294117647058823,0.1781
Mayne Exceed Helicopter With Remote Control Charging Helicopter Toys For Boys??(,Mayne Exceed,200,3.0,369.0,0.021345407503234153,0.41176470588235287,0.1775
CGul Cloth Stand & Cupboard and Almirah Carbon Steel Collapsible Wardrobe Carbon,CGul Cloth,12,3.0833333333333335,1119.0,0.001078050884001725,0.43627450980392163,0.1752
Pearl World Soft Plush Cushion Baby Sofa Seat or Rocking Chair for Kids - Best b,Pearl World,71,3.0422535211267605,474.0,0.007438551099611902,0.42419221209610597,0.1741
"POOWEREST Carbon Steel Collapsible Wardrobe(Finish Color - BLUE, DIY(Do-It-Yours",POOWEREST Carbon,53,3.0377358490566038,495.0,0.005498059508408797,0.4228634850166481,0.1724
Canon PG 745S Black Ink Cartridge,Canon,100,2.98,615.0,0.010564898663216905,0.4058823529411764,0.1687
"Goodson Cotton Floor Mat(Navy Grey Aqua, Free, Pack of 2)",Goodson Cotton,88,2.977272727272727,189.0,0.009271237602414835,0.4050802139037432,0.1676
Men Checkered Single Breasted Formal Blazer??(Multicolor),Men Checkered,47,3.0,4366.0,0.004851228978007762,0.41176470588235287,0.1676
RIYUZONE Silicone Body Scrub Belt And Mild Exfoliator Scrub Pad(Medium),RIYUZONE Silicone,86,2.9767441860465116,149.0,0.00905562742561449,0.4049247606019151,0.1674
"migwow Stunt Car 360?rotating rolling radio control electric race car, (Blue)??(",migwow Stunt,10,3.0,495.0,0.00086244070720138,0.41176470588235287,0.1652
Sarvatr  4 Blade Fan Shape LED Light Bulb 28W and B22 Holder with Ultra Bright (,Sarvatr Blade,30,2.966666666666667,259.0,0.00301854247520483,0.40196078431372545,0.1626
NEFI WiFi Wireless Display Dongle 1080P Wireless HDMI Screen Mirror WiFi Dongle ,NEFI WiFi,30,2.933333333333333,834.0,0.00301854247520483,0.3921568627450979,0.1587
Mayne Exceed Helicopter With Remote Control Charging Helicopter Toys for Boys Ye,Mayne Exceed,20,2.9,369.0,0.001940491591203105,0.3823529411764705,0.1541
Soaring Kids Study & Play Wooden Adjustable Folding Printed Table and Chair Set ,Soaring Kids,82,2.817073170731707,699.0,0.0086244070720138,0.35796269727403146,0.1484
ICECLOUD Smart Watch 2 Pins Magnetic Suction Charger Cable Compatible Charging P,ICECLOUD Smart,36,2.8055555555555554,329.0,0.0036653730056058647,0.3545751633986927,0.144
"kariox 10 Kg Vermicompost, Made from Cow Manure, 100% Organic & Natural Plant Nu",kariox,200,2.715,95.0,0.021345407503234153,0.3279411764705881,0.144
"Prestige PRWO 1.8-2 Electric Rice Cooker with Steaming Feature??(1.8 L, White)",Prestige PRWO,100,2.77,2454.0,0.010564898663216905,0.3441176470588235,0.144
Aquagrand SkyLand 18 Ltr RO + UV + UF + TDS Water Purifier 18 L RO + UV + UF + T,Aquagrand SkyLand,200,2.71,4687.0,0.021345407503234153,0.3264705882352941,0.1434
VERMI COMPOST 10 Kg of Pure Natural ORGANIC Cow Dung Dry Manure Powder Manure Po,VERMI COMPOST,290,2.6586206896551725,95.0,0.031047865459249677,0.3113590263691684,0.1432
"HOFFICE Engineered Wood Study Table(Wall Mounted, Finish Color - African Oak, DI",HOFFICE Engineered,19,2.789473684210526,3959.0,0.0018326865028029326,0.34984520123838997,0.141
Prerana Microfibre Solid Cushion Pack of 5(White),Prerana Microfibre,190,2.663157894736842,258.0,0.020267356619232426,0.3126934984520123,0.1372
"Riyahandlooms Cotton Floor Mat(Blue, Large, Pack of 2)",Riyahandlooms Cotton,200,2.655,189.0,0.021345407503234153,0.3102941176470588,0.1369
Party clue Printed Happy Birthday Combo 61 Pcs Birthday Banner Golden Curtain Co,Party clue,16,2.75,249.0,0.001509271237602415,0.338235294117647,0.1362
WONDERCHEF Nutri-blend FP-Compact 350 W Food Processor(Black),WONDERCHEF,15,2.7333333333333334,4499.0,0.0014014661492022424,0.3333333333333333,0.1342
"LA VERNE Floral Double Mink Blanket for  Heavy Winter(Woollen Blend, Multi 2)",VERNE Floral,24,2.7083333333333335,549.0,0.002371711944803795,0.32598039215686275,0.1318
MAHARAJA WHITELINE Fortune FP - 102 600 W Food Processor(White & Mystic Blue),MAHARAJA WHITELINE,10,2.7,4219.0,0.00086244070720138,0.3235294117647059,0.1299
"CHARDI KALA Set Top Box / DTH Stand - Wall Mount Stand / Wifi Router Stand, Colo",CHARDI KALA,10,2.7,249.0,0.00086244070720138,0.3235294117647059,0.1299
"NEELAM KAVA002 Metal Desk Chair(Finish Color - RED, Pre-assembled)",NEELAM Metal,10,2.7,629.0,0.00086244070720138,0.3235294117647059,0.1299
Men Checkered Double Breasted Formal Blazer??(Blue),Men Checkered,10,2.7,2999.0,0.00086244070720138,0.3235294117647059,0.1299
"POOJA Maroon PP (Polypropylene) Area Rug(53 cm,  X 153 cm, Rectangle)",POOJA Maroon,93,2.6451612903225805,295.0,0.009810263044415696,0.3074003795066413,0.1288
Rock Crawler Waterproof Remote Controlled Rock Crawlerr RC Monster Truck (Blue)?,Rock Crawler,26,2.6538461538461537,1249.0,0.00258732212160414,0.3099547511312217,0.1255
"FasonGreen Guava Plant(Hybrid, Pack of 1)",FasonGreen Guava,26,2.6538461538461537,118.0,0.00258732212160414,0.3099547511312217,0.1255
TXOR NEXUS with Heart Rate & BP Monitor 35mm Screen Black Smartwatch(Black Strap,TXOR NEXUS,35,2.6285714285714286,759.0,0.0035575679172056922,0.3025210084033613,0.1231
Medaline 250 Watt Ultra Thin Slim Ip66 LED Flood Outdoor Light Cool White Waterp,Medaline Watt,51,2.4901960784313726,565.0,0.005282449331608452,0.26182237600922725,0.1079
PHILIPS HL1661/00 700 W Food Processor(White),PHILIPS,10,2.4,7499.0,0.00086244070720138,0.23529411764705882,0.0946
PrintStar 12A / Q2612A Compatible Toner Cartridge For Hp1005 Canon 2900B Black I,PrintStar,100,2.29,489.0,0.010564898663216905,0.20294117647058824,0.0875
X ZINI Infrared Induction Helicopter Sensor Aircraft USB Charger 2 in 1 Flying H,ZINI Infrared,16,2.3125,399.0,0.001509271237602415,0.20955882352941174,0.0847
HAVELLS convenio 500 W Food Processor(Black),HAVELLS convenio,10,2.3,5499.0,0.00086244070720138,0.20588235294117635,0.0829
realme 4k Smart Google TV Stick (Black)??(Black),realme Smart,100,2.25,3999.0,0.010564898663216905,0.19117647058823523,0.0828
AGRO ALIVE Red Sandalwood Plant(Pack of 1),AGRO ALIVE,55,2.272727272727273,124.0,0.005713669685209142,0.197860962566845,0.0826
"Cloud Farm Dragon Tree(Hybrid, Pack of 3)",Cloud Farm,100,2.2,140.0,0.010564898663216905,0.1764705882352941,0.0769
"Sai Store Light Blue Cotton Carpet(150 cm,  X 210 cm, Rectangle)",Sai Store,20,1.6,379.0,0.001940491591203105,0.0,0.0012
