product_name,category,avg_rating,avg_price,review_count,text
1170-BL-BR Unique New Day & Date Analog Watch  - For Men,Unique New,3.986666666666667,299.0,150,Nan Nan Nan Nan Nan Nan Nan Nan Nan Nan
38024PP25 Minimalists Analog Watch  - For Men,Minimalists Analog,4.888888888888889,850.0,9,Nan Nan Nan Nan Nan Nan Nan Nan Nan
"3D METRO SUPER STORE JUICER_Gduumy 1 Juicer,1 Handle,1 Jar,1 Glass 0 Juicer (1 J",METRO SUPER,3.67,417.0,100,Simply awesome Excellent Excellent Wonderful Awesome Product Highly recommended Wonderful Classy product Perfect product! Must buy!
"3D METRO SUPER STORE METRO_MIXER Pro 0 Juicer (1 Jar, Multicolor)",METRO SUPER,4.75,199.0,28,Fabulous! Simply awesome Classy product Highly recommended Excellent Great product Terrific purchase Fabulous! Worth every penny Moderate
77085PP03 Volt Analog Watch  - For Men,Volt Analog,4.711111111111111,699.0,45,Nan Nan Nan Nan Nan Nan Nan Nan Nan Nan
7SEVEN Airtel DTH Remote Airtel Xstream Remote Compatible with SD and HD Recordi,Airtel DTH,4.6875,219.0,16,Good quality product Nice product Great product Super! Awesome Just wow! Wonderful Really Nice Perfect product! Great product
@Home by nilkamal Walton Engineered Wood TV Entertainment Unit(Finish Color - Cl,nilkamal,4.444444444444445,11999.0,54,Great product Must buy! Simply awesome Mind-blowing purchase Awesome Wonderful Worth the money Worth the money Value-for-money Mind-blowing purchase
"ADONYX Combo of Knee,Palm, Elbow & Ankle Support",ADONYX Combo,3.8035714285714284,199.0,56,Good Value-for-money Useless product Just okay Brilliant Fabulous! Simply awesome Moderate Terrible product Waste of money!
ADZOY Metal Lazy Stand Bracket for Neck Rest on Bed 360 Degree Mobile Holder Mob,ADZOY Metal,3.5161290322580645,284.0,62,Worth the money Classy product Just okay Absolute rubbish! Fair Good choice Worst experience ever! Mind-blowing purchase Slightly disappointed Mind-blowing purchase
AGAMI Green 2 Layer Lucky Bamboo plant with Big Round Glass Pot and Colored Jell,AGAMI Green,4.455,279.0,200,Just wow! Brilliant Best in the market! Classy product for gifting Decent product Highly recommended Terrific purchase Mind-blowing purchase Classy product Excellent
AGARO Imperial Slow Juicer_ 240 Juicer (Grey),AGARO Imperial,4.527659574468085,12999.0,235,Awesome product Nice product Simply awesome Good Juicer with satisfactory build quality Neat design and good outcome. Great product Good Worth every penny Awesome Great product
AGARO Regal Hand-held Vacuum Cleaner(Black),AGARO Regal,4.118204804045512,1599.0,1582,Excellent Terrific purchase Fabulous! Terrific Pretty good Highly recommended Just okay Highly recommended powerful suction  Mind-blowing purchase
AGRO ALIVE Red Sandalwood Plant(Pack of 1),AGRO ALIVE,2.272727272727273,124.0,55,Classy product Moderate Highly recommended Useless product Utterly Disappointed Don't waste your money Horrible Super! Worthless Waste of money!
AJRO DEAL Double Spring Tummy Trimmer - Multipurpose Fitness Equipment (Black) A,AJRO DEAL,4.28,189.0,100,Great product Simply awesome Great product Decent product Classy product Wonderful Really Nice Fabulous! Brilliant Nice product
ANTIOUE MART Wooden Set Top Box Stand Wall Mounted TV Cabinets Wall Selves Holds,ANTIOUE MART,3.2545454545454544,492.54545454545456,110,Worst experience ever! Must buy! Delightful Wonderful Worst experience ever! Moderate Wonderful Waste of money! Best in the market! Brilliant
ANTRONIC Premium Quality 2000W 2000 W Immersion Heater Rod??(Water),ANTRONIC Premium,4.1911764705882355,257.0,68,Worth every penny Best in the market! Great product Super! Not recommended at all Terrific Brilliant Very Good Moderate Expected a better product
AOQ Cleaning Brush Feather Microfiber Duster with Extendable Rod Dust Cleaner Fi,AOQ Cleaning,3.87,299.0,100,Perfect product! Excellent Super! Brilliant Good Highly recommended Terrific Unsatisfactory Super! Brilliant
APPLE 2020 Macbook Air M1 - (8 GB/256 GB SSD/Mac OS Big Sur) MGN93HN/A(13.3 inch,APPLE Macbook,4.780585106382978,86990.0,752,Value-for-money Classy product Highly recommended Mind-blowing purchase Just wow! Mind-blowing purchase Fabulous! Classy product Terrific Very Good
APPLE iPad (9th Gen) 64 GB ROM 10.2 inch with Wi-Fi Only (Silver),APPLE iPad,4.674698795180723,29990.0,249,Really Nice Awesome Must buy! Fabulous! Terrific purchase Wonderful Best in the market! Terrific purchase Don't waste your money Fabulous!
APPLE iPad (9th Gen) 64 GB ROM 10.2 inch with Wi-Fi Only (Space Grey),APPLE iPad,4.67911877394636,29990.0,1044,Really Nice Awesome Must buy! Fabulous! Terrific purchase Wonderful Best in the market! Terrific purchase Don't waste your money Fabulous!
APTECHDEALS Beginners 6 in 1 Economy Soldering iron Kit/electric Soldering iron ,APTECHDEALS Beginners,4.07,232.0,100,Pretty good Good quality product Terrific purchase Very Good Decent product Pretty good Worth every penny Worth the money Worth every penny Good
"AQUANZA Pre housing complete set for r.o Solid Filter Cartridge(0.005, Pack of 8",AQUANZA Pre,4.17,299.0,100,Simply awesome Perfect product! Great product Must buy! Wonderful Terrific Value-for-money Horrible Very poor Moderate
ASUS TUF Gaming A17 with 90Whr Battery Ryzen 5 Hexa Core AMD R5-4600H - (8 GB/51,ASUS TUF,4.483606557377049,63990.0,244,Awesome Worth the money Delightful Really Nice Awesome Excellent Highly recommended Best in the market! Simply awesome Great product
ASUS TUF Gaming F15 Core i5 10th Gen - (8 GB/512 GB SSD/Windows 11 Home/4 GB Gra,ASUS TUF,4.450928381962865,58990.0,377,Delightful Nice Really Nice Worth the money Wonderful Great product Horrible Must buy! Perfect product! Best in the budget.
ASUS VivoBook 15 (2022) Core i3 10th Gen - (8 GB/512 GB SSD/Windows 11 Home) X51,ASUS VivoBook,4.13,33990.0,300,Nice product Good choice Classy product Moderate Super! Nice product Delightful Mind-blowing purchase Mind-blowing purchase Good choice
ASUS Vivobook Pro 15 Ryzen 7 Octa Core AMD R7-4800H - (16 GB/512 GB SSD/Windows ,ASUS Vivobook,4.605633802816901,66990.0,71,Nice product Worth every penny!! Fabulous! Excellent Brilliant Just wow! Terrific purchase Must buy! Awesome Excellent
Acnos Wood Portable Laptop Table(Finish Color - Pink),Acnos Wood,4.4,475.0,10,Excellent Delightful Worth every penny Classy product Highly recommended Brilliant Perfect product! Just okay Good Very Good
"Adonai POT1.5LPINK Rice Cooker, Food Steamer, Travel Cooker, Slow Cooker, Electr",Adonai Rice,3.6,599.0,200,Best in the market! Mind-blowing purchase Does the job Terrible product Fair Worth every penny Decent product Good Not recommended at all Absolute rubbish!
Aero Seeds 40 Varieties of Flower Combo Pack Seed(2050 per packet),Aero Seeds,3.96,194.0,500,Highly recommended Classy product Really Nice Very Good Perfect product! Value-for-money Worth every penny Excellent Worth the money Awesome
Aero Seeds Aero Seeds 45 Varieties 2700+ seeds(Organic/Hybrid) Fruits & Vegetabl,Aero Seeds,3.67,184.0,300,Good Excellent Great product Best in the market! Wonderful Fair Classy product Mind-blowing purchase Nice product Good choice
Airtel Airtel Universal Setup box Remote Digital Setup box Universal Remote Airt,Airtel Airtel,3.7714285714285714,209.0,70,Super! Really Nice Nice Worth the money Very Good Slightly disappointed Classy product Excellent Really Nice Delightful
"Airtel Dth Settop Box Airtel TV, Airtel set up box, Airtel HD TV Remote Controll",Airtel Dth,4.1891891891891895,215.0,37,Super! Excellent Fabulous! Does the job Nice product Brilliant Simply awesome Delightful Just wow! Bad quality
Airtel Regular Digital TV DTH Remote Compatible with SD and HD Recording (Black),Airtel Regular,4.024390243902439,215.0,123,nice product and perfect product Terrific Worth the money Best in the market! Worth the money Decent product Super! Awesome Value-for-money Simply awesome
Airtel Regular Digital TV SD/HD DTH Compatible Remote UNIVERSAL Remote Controlle,Airtel Regular,3.97,209.0,100,Terrific Great product Terrific purchase Terrific Excellent Perfect product! Excellent Really Nice Perfect product! Bad quality
"Alex Daisy Universal Plastic Desk Chair(Finish Color - Pink & White, DIY(Do-It-Y",Alex Daisy,4.6,9950.0,10,Terrific Just wow! Mind-blowing purchase Just wow! Utterly Disappointed Just wow! Brilliant Fabulous! Must buy! Worth every penny
Allwin Home Cleaning 360 Spin Floor Cleaning Easy Advance Tech Bucket PVC Mop & ,Allwin Home,3.686046511627907,699.0,86,Not recommended at all Not recommended at all Nice product Decent product Super! Worth every penny Nice product Excellent Did not meet expectations Wonderful
Anayatech Solid Doreamon combo with star happy birthday combo- happy birthday fo,Anayatech Solid,4.23,277.0,100,Mind-blowing purchase Great product Best in the market! Good quality product Terrific purchase Perfect product! Pretty good Terrific purchase Super! Excellent
"Ang Refill kit Compatible Dye ink for HP cartridge 805, 803, 680, 678, 682, 818,",Ang Refill,3.735,421.0,200,Worth every penny Worth the money Terrific Perfect product! Pretty good Super! Excellent Value-for-money Mind-blowing purchase Nice product
AnshiEnterises 30 METER METALLIC BLUE HOSE PIPE ( INCH 12 mm) WITH 7 PATTERN WAT,AnshiEnterises METER,3.45,1249.0,20,Classy product Perfect product! Must buy! Horrible Absolute rubbish! Did not meet expectations Not recommended at all Nice product Moderate Very Good
"AnshiEnterises FLEXIBLE YELLOW HOSE PIPE ( INCH ,12 mm) With Water Spray Gun Hos",AnshiEnterises FLEXIBLE,3.91,544.0,100,Worth every penny Worth the money Just wow! Super! Worth the money Just wow! Must buy! Worth the money Excellent Perfect product!
"Apple 20W ,USB-C Power Charging Adapter for iPhone, iPad & AirPods??(White)",Apple,4.406896551724138,1899.0,290,Just wow! Great product Brilliant Must buy! Wonderful Excellent Worth the money Terrific purchase Worst experience ever! Super!
Aquagrand SkyLand 18 Ltr RO + UV + UF + TDS Water Purifier 18 L RO + UV + UF + T,Aquagrand SkyLand,2.71,4687.0,200,Terrific purchase Super! Awesome Not recommended at all Just wow! Nice product Good choice Excellent Absolute rubbish! Worst experience ever!
"Arpita Crafts HEARTHOME Wood Key Holder(7 Hooks, Beige)",Arpita Crafts,4.0,159.0,100,Perfect product! Highly recommended Simply awesome Very Good Good quality product Pretty good Nice Just wow! Value-for-money Must buy!
Arpita Crafts Wooden 2 Pocket Pen Stand Om Swastik 8 Hook Brown Wood Key Holder ,Arpita Crafts,4.195,159.0,200,Terrific Nice product Very Good Nice product Just wow! Must buy! Terrific purchase Delightful Highly recommended Excellent
"ArrowMax Professional Anti-slip Fitness (Black , pack of 2 ) Easy comfort Wrist ",ArrowMax Professional,4.52,245.0,100,Terrific purchase Excellent Very Good Excellent Value-for-money Good choice Perfect product! Highly recommended Awesome Worth every penny
Art Silk Self Design Gold Men Dupatta,Art Silk,4.242857142857143,245.85714285714286,70,Nan Nan Nan Nan Nan Nan Nan Nan Nan Nan
Art Silk Self Design Maroon Men Dupatta,Art Silk,4.315789473684211,262.0,19,Nan Nan Nan Nan Nan Nan Nan Nan Nan Nan
Artesia Folding Sheesham Wood Relaxing Rest Chair Solid Wood 1 Seater Rocking Ch,Artesia Folding,4.44,4823.0,25,Artesia Folding Sheesham Wood Relaxing Chair Wonderful Pretty good Wonderful Great product Just okay Must buy! Fabulous! Value-for-money Good choice
Atomberg Renesa 1200 mm BLDC Motor with Remote 3 Blade Ceiling Fan(Ivory & Black,Atomberg Renesa,3.858156028368794,3569.0,282,Delightful Just wow! Wonderful Worth every penny Worth every penny Simply awesome Worth the money Best in the market! Perfect product! Best in the market!
AutoKraftZ Most Popular Sun UV Protection Arm Sleeves for Men Women Cycling Glov,AutoKraftZ Most,4.0814332247557,79.0,307,Classy product Great product Worth every penny Excellent Fair Does the job Simply awesome Worth the money Highly recommended Just wow!
"BAJAJ 15 L Storage Water Geyser (Popular Plus 15 L, White)",BAJAJ,4.253561253561253,5499.0,1755,Wonderful Wonderful Brilliant Just wow! Good Good quality product Worth every penny Nice product Worth the money Pretty good
"BAJAJ 17 L Solo Microwave Oven(1701MT, White)",BAJAJ,4.502152080344333,4498.0,697,Nice product Mind-blowing purchase Perfect near the dinner table of a small family. Good Product at Great Price Wonderful awesome for the price Nice product Unsatisfactory Fabulous! Bajaj solo microwave is a great product 
"BAJAJ 3 L Instant Water Geyser (Ivora/ flora, White)",BAJAJ,3.824,2599.0,250,Very Good Wonderful Simply awesome Terrific purchase Good Pretty good Just wow! Terrific purchase Wonderful 5 Star Product
BAJAJ 410053 600 W Food Processor(Multicolor),BAJAJ,3.65,6589.0,20,Brilliant Value-for-money Worth the money Great product Bad quality Simply awesome Utterly Disappointed Worst experience ever! Not good Worth every penny
"BAJAJ Crest Neo 1200 mm 3 Blade Ceiling Fan(Brown, Pack of 1)",BAJAJ Crest,3.5365853658536586,1349.0,164,Wonderful Horrible Worth the money Nice product Just okay Mind-blowing purchase Worth every penny Just wow! Really Nice Just okay
"BAJAJ Crest Neo 1200 mm 3 Blade Ceiling Fan(White, Pack of 1)",BAJAJ Crest,4.037003610108303,1329.0,1108,Wonderful Horrible Worth the money Nice product Just okay Mind-blowing purchase Worth every penny Just wow! Really Nice Just okay
BAJAJ FX 11 Food Factory 600 W Food Processor(White),BAJAJ,4.074074074074074,6505.0,27,Perfect product! Delightful Terrific purchase Must buy! Excellent Horrible Worst experience ever! Classy product Good quality product Very Good
BAJAJ FX7 600 W Food Processor,BAJAJ,5.0,6390.0,10,Super! Bajaj FX7 600 W Food Processor Amazing Best in the market! Superb Product by Bajaj & Superb Delivery by Flipkart :) :) Thanks for delivering the Product on time. Terrific purchase Super Product... delivered in less than 24 hours Mind-blowing purchase Just wow!
BAJAJ Fx11 Food Factory 600 W Food Processor(White),BAJAJ Food,3.8585858585858586,6525.0,297,Just okay Brilliant Bajaj FX 11 Bajaj FX 11 Food Processor Worth it Bad quality Superb five star product Thank you flipkart So convenient good product excellent service.
BAJAJ Masterchef 3.0 food processor 600 W Food Processor(White),BAJAJ Masterchef,4.0,6299.0,10,Simply awesome Really Nice Wonderful Awesome Horrible Good Really Nice Awesome Pretty good Good quality product
BAJAJ Waterproof 1500 W Shock Proof Immersion Heater Rod??(water),BAJAJ Waterproof,4.685393258426966,659.0,89,Just wow! Expected a better product Highly recommended Good Super! Fabulous! Worth the money Great product Fabulous! Highly recommended
BATANIYA Pack of 46 Melamin Melamine dinner set of 46 pieces Dinner Set(White),BATANIYA Pack,4.315436241610739,2780.0,149,Super! Worth every penny Just wow! Highly recommended Terrific Classy product Terrific purchase Wonderful Worth the money Not good
"BLACK RAY Unique 3 Lights Hanging Ceiling Lamp Urban Retro Style (Antique Black,",BLACK RAY,4.228571428571429,631.0,35,Best in the market! Simply awesome Highly recommended Fabulous! Highly recommended Awesome Worth every penny Brilliant Really Nice Good
BLUECHIP 100% Copper BL72SmartTV3.2Amp TV Voltage Stabilizer for LED TV/Smart TV,BLUECHIP Copper,4.333333333333333,1547.0,144,Perfect product! Wonderful Excellent Brilliant Fair Very Good Brilliant Just wow! Simply awesome Decent product
"BLUECHIP BL43SmartTV TV Voltage Stabilizer for LED TV/Smart TV Up to 43 Inches ,",BLUECHIP,4.15,1256.0,100,Fabulous! Brilliant Does the job Terrific purchase Wonderful Pretty good Best in the market! Good quality product Best in the market! Fabulous!
BLUECHIP BL55SmartTV2.1Amp TV Voltage Stabilizer for LED TV/Smart TV Up to 55 In,BLUECHIP,4.366013071895424,1401.0,153,Good choice Great product Great product Nice product Just wow! Worth every penny Good choice Really Nice Wonderful Unsatisfactory
BLUECHIP BL60SmartTV3.1Amp TV Voltage Stabilizer for LED TV/Smart TV Up to 60+ I,BLUECHIP,3.888888888888889,1453.0,36,Mind-blowing purchase Fabulous! Fair Good quality product Absolute rubbish! Wonderful Decent product Best in the market! Does the job Good choice
BOSCH SMS24AW00I Free Standing 12 Place Settings Intensive Kadhai Cleaning| No P,BOSCH Free,4.363636363636363,33990.0,22,Great product Worth every penny Value-for-money Terrific Pretty good Just wow! Highly recommended Just wow! Terrific Pretty good
BOSCH SMS66GI01I Free Standing 13 Place Settings Intensive Kadhai Cleaning| No P,BOSCH Free,4.553672316384181,44890.0,177,Mind-blowing purchase Good We got rid of the maid right away ***** Fabulous! Mind-blowing purchase Good choice Highly recommended Does the job Terrific Best in the market!
BOSCH SMS66GW01I Free Standing 13 Place Settings Intensive Kadhai Cleaning| No P,BOSCH Free,4.383333333333334,42000.0,120,"Wife's Pride, Maid's Envy !! Pretty good Fabulous! Perfect product! Wonderful Terrific Good quality product Terrific Fabulous! Excellent"
"BROWNIE Engineered Wood Computer Desk(Straight, Finish Color - Brown, Pre-assemb",BROWNIE Engineered,3.83,1299.0,100,Just wow! Best in the market! Simply awesome Decent product Perfect product! Really Nice Very Good Classy product Mind-blowing purchase Fabulous!
"BROWNIE Engineered Wood Study Table(Free Standing, Finish Color - Brown, Pre-ass",BROWNIE Engineered,4.11,1299.0,100,Really Nice Nice Must buy! Classy product Must buy! Classy product Awesome Very Good Simply awesome Terrific
Bajaj DX 2 L/W Dry Iron,Bajaj,4.254189944134078,529.0,1790,Just wow! Brilliant Simply awesome Simply awesome Brilliant Awesome purchase at this price Decent product Must buy! Fabulous! Good
Bajaj GX1 500 W Mixer Grinder,Bajaj,3.9164222873900294,2299.0,682,Just okay Good Product Delightful Fabulous! Worth the money Highly recommended Highly recommended Simply awesome Pretty good Mind-blowing purchase
BeeSmart Semi Automatic Water Level Controller Manual on Auto Off 30 A Relay Mod,BeeSmart Semi,4.636363636363637,629.0,11,Mind-blowing purchase Perfect product! Mind-blowing purchase Brilliant Good quality product Simply awesome Excellent Wonderful Value-for-money Does the job
"BhCarpet Red Acrylic Carpet(150 cm,  X 200 cm, Rectangle)",BhCarpet Red,4.333333333333333,1399.0,30,Highly recommended Simply awesome Perfect product! Delightful Simply awesome Brilliant Fabulous! Classy product Great product Delightful
Bhimada cloth stand rack shelf almirah PVC Collapsible Wardrobe(Finish Color - D,Bhimada cloth,4.09,700.0,100,Pretty good Wonderful Brilliant Awesome Decent product Terrific Good Good choice Fair Awesome
Blissbells Uplight Wall Lamp With Bulb,Blissbells Uplight,4.194444444444445,290.0,72,Wonderful Nice product Terrific purchase Fabulous! Worth every penny Fabulous! Brilliant Good choice Brilliant Simply awesome
"Briqre Victory Nutri Blend, 20000 RPM Mixer Grinder 500 Juicer Mixer Grinder (2 ",Briqre Victory,4.333333333333333,1399.0,21,Just wow! Classy product Mind-blowing purchase Great product Very Good Worth the money Bad quality Awesome Utterly Disappointed Perfect product!
Butterfly Cresta 4 Jars 750 W Food Processor(Turquoise Green),Butterfly Cresta,3.857142857142857,7649.0,14,Worth the money Perfect product! Worth every penny Mind-blowing purchase Pretty good Worth every penny Worthless Nice Terrific purchase Wonderful
Butterfly Magic Fruit & Vegetable Cleaner 250 W Food Processor(White),Butterfly Magic,4.4,2949.0,10,Best in the market! Just wow! Need to check Wonderful Pretty good Awesome Super! Worth every penny Must buy! Not good
"Butterfly Rapid 750 W Juicer Mixer Grinder (4 Jars, Black)",Butterfly Rapid,3.4983333333333335,2999.0,600,Brilliant Classy product Best in the market! Great product Terrific purchase Awesome Just wow! Just wow! Wonderful Great product
Butterfly Rapid Kettle 1.5 Litre + Eco 750 Ml Water Bottle,Butterfly Rapid,4.168067226890757,849.0,119,Must buy! Classy product Worth every penny Hated it! Must buy! Great product Good Unsatisfactory Wonderful Very Good
"Butterfly Rapid Plus 750 W Mixer Grinder (5 Jars, Ink Blue)",Butterfly Rapid,4.109183673469388,3399.0,980,Perfect product! Delightful Good quality product Simply awesome Worst experience ever! Wonderful Classy product Terrific Worth every penny Just wow!
Butterfly Rapid Plus Wet Grinder with Coconut Scraper (Blue)??(Ink Blue),Butterfly Rapid,3.964679911699779,4199.0,453,Does the job Simply awesome Worth the money Terrific Terrific purchase Simply awesome Fabulous! Waste of money! Good quality product Very Good
Butterfly Rapid Wet Grinder??(Grey),Butterfly Rapid,3.716666666666667,4899.0,60,Best in the market! Best in the market! Nice product Just wow! Great product Utterly Disappointed Just wow! Brilliant Very Good Useless product
Butterfly Rhino 2 Ltr Wet Grinder??(Cherry Red),Butterfly Rhino,3.926470588235294,4396.0,136,Delightful Terrific purchase Just wow! Wonderful Mind-blowing purchase Good Classy product Nice grind to your hearts content Worth every penny
Butterfly Rhino Plus Wet Grinder??(Grey),Butterfly Rhino,3.98974358974359,5299.0,390,Brilliant Don't waste your money Super! Simply awesome Perfect product! Happy with product Nice product Simply Awesome Nice product Terrific purchase
"CAPIO ART GEOMETRIC multipurpose design Wood Key Holder(8 Hooks, Brown)",CAPIO ART,4.053333333333334,169.0,300,Just okay Highly recommended Pretty good Just wow! Simply awesome Best in the market! Worth every penny Pretty good Wonderful Terrific purchase
CEAT Hitman Full Size Double Blade Poplar Cricket Bat - Advance Play Poplar Will,CEAT Hitman,3.99,329.0,200,Worth every penny Wonderful Perfect product! Good quality product Classy product Wonderful Classy product Nice Best in the market! Excellent
"CELLBELL Aries C160 High Back Mesh Office Adjustable Arm Chair(Black, DIY(Do-It-",CELLBELL Aries,4.52,7599.0,25,Good quality product Worth the money Perfect product! Perfect product! Wonderful Delightful Brilliant Perfect product! Really Nice Awesome
CGul Cloth Stand & Cupboard and Almirah Carbon Steel Collapsible Wardrobe Carbon,CGul Cloth,3.0833333333333335,1119.0,12,Good quality product Useless product Super! Best in the market! Highly recommended Great product Mind-blowing purchase Don't waste your money Did not meet expectations Hated it!
"CHARDI KALA Set Top Box / DTH Stand - Wall Mount Stand / Wifi Router Stand, Colo",CHARDI KALA,2.7,249.0,10,Fair Terrible product Terrific purchase Horrible Great product Utterly Disappointed Delightful Did not meet expectations Utterly Disappointed Fabulous!
"CHETANYA LOOMTEX Green Polypropylene, River Grass Carpet(40 cm,  X 60 cm, Rectan",CHETANYA LOOMTEX,3.6944444444444446,275.0,36,Hated it! Worst experience ever! Wonderful Super! Bad quality Terrible product Awesome Terrible product Really Nice Does the job
"CLOTHOLOGY 144 TC Cotton Double Printed Flat Bedsheet(Pack of 1, Green)",CLOTHOLOGY,3.9647577092511015,329.0,1135,Classy product Wonderful Just wow! Worth the money Super! Fabulous! Terrific Nice Very Good Highly recommended
"CLOTHOLOGY 144 TC Cotton Double Printed Flat Bedsheet(Pack of 1, White, Yellow)",CLOTHOLOGY,3.8440366972477062,329.0,109,Classy product Wonderful Just wow! Worth the money Super! Fabulous! Terrific Nice Very Good Highly recommended
"CLOTHSIDE 104 TC Cotton Double Jaipuri Prints Flat Bedsheet(Pack of 1, Blue)",CLOTHSIDE,3.38,339.0,100,Good quality product Very Good Mind-blowing purchase Does the job Good quality product Pretty good Very poor Highly recommended Really Nice Wonderful
"CMerchants BOOK SHELF-5RACK Metal Open Book Shelf(Finish Color - BLUE, DIY(Do-It",CMerchants BOOK,4.025806451612903,699.0,310,Terrific Fabulous! Terrific purchase Terrific purchase Really Nice Wonderful Terrific Awesome Awesome Fabulous!
"CMerchants BOOK SHELF-6RACK Metal Open Book Shelf(Finish Color - BLUE, DIY(Do-It",CMerchants BOOK,4.18,799.0,100,Terrific Fabulous! Terrific purchase Terrific purchase Really Nice Wonderful Terrific Awesome Awesome Fabulous!
CMerchants Multi Organiser BLue-4 Book Shelf Metal Open Book Shelf(Finish Color ,CMerchants Multi,4.066277615673197,625.0,2399,Terrific Fabulous! Terrific purchase Terrific purchase Really Nice Wonderful Terrific Awesome Awesome Fabulous!
COMBO 4 quantity bottle cork led string lights 2 meter 20 led warm white 20 LEDs,COMBO quantity,3.66,184.0,100,Wonderful Don't waste your money Excellent Brilliant Excellent Fabulous! Good choice Good quality product Very Good Brilliant
"COSCO Kick Football - Size: 5(Pack of 1, Blue)",COSCO Kick,4.197969543147208,449.0,197,Terrific Mind-blowing purchase Must buy! Mind-blowing purchase Does the job Good Simply awesome Best in the market! Best in the market! Worth the money
CRAFTIFY High Quality 1500 W Immersion Heater Rod??(Water),CRAFTIFY High,4.109195402298851,290.0,174,Terrific purchase Delightful Terrific purchase Highly recommended Super! Wonderful Fabulous! Classy product Must buy! Fabulous!
CRAFTIFY High Quality 2000 W Immersion Heater Rod??(Water),CRAFTIFY High,3.876923076923077,290.0,65,Great product Fair Wonderful Wonderful Worth the money Great product Good quality product Terrific Terrific Worth the money
CRAFTIFY ISI Mark Spiral 2000 W Immersion Heater Rod??(Water),CRAFTIFY ISI,4.0,299.0,30,Wonderful Great product Does the job Brilliant Absolute rubbish! Wonderful Nice Awesome Terrific Mind-blowing purchase
CREZON EXCLUSIVE House Hold cleaning bucket mop set combo with 3 Refills and 6 D,CREZON EXCLUSIVE,4.055555555555555,999.0,18,Wonderful Excellent Waste of money! Wonderful Mind-blowing purchase Just wow! Does the job Just wow! Must buy! Waste of money!
CREZON Magic Dry Bucket Mop - 360 Degree Self Spin Wringing With 3 Super Absorbe,CREZON Magic,3.6454849498327757,799.0,299,Mind-blowing purchase Worth the money Mind-blowing purchase Not recommended at all Delightful Terrific Highly recommended Very Good Useless product Did not meet expectations
"Candes 12 L Room/Personal Air Cooler??(White, Black, Elegant High Speed-Honey Co",Candes,3.5,3999.0,10,Super! Awesome Fair Useless product Fair Awesome Highly recommended Nice Unsatisfactory Worth the money
"Candes 60 L Room/Personal Air Cooler??(White, Black, CRETA)",Candes,4.846153846153846,8999.0,26,Great product Mind-blowing purchase Highly recommended Brilliant Classy product Must buy! Fabulous! Worth every penny Super! Great product
"Candes Florence 1200 mm Energy Saving 3 Blade Ceiling Fan(Silver Blue, Pack of 2",Candes Florence,4.032432432432432,2879.0,185,Decent product Wonderful Must buy! Utterly Disappointed Awesome Very poor Brilliant Simply awesome Absolute rubbish! Not recommended at all
"Canon EOS 3000D DSLR Camera 1 Camera Body, 18 - 55 mm Lens(Black)",Canon EOS,4.483060109289617,30999.0,1830,Must buy! Really Nice Excellent Great product Just wow! Does the job Worth the money Really Nice Good quality product Value-for-money
Canon PG 745S Black Ink Cartridge,Canon,2.98,615.0,100,Really Nice A good product Terrible product Expected a better product Moderate Highly recommended Good product if you have guts Canon black ink cartridge Met some expectations Useless product
Canon PG47 Ink Catridge,Canon Ink,4.025125628140704,669.0,199,Cannon PG47 Worth buying super product Fair Really Nice Delightful Excellent Very Less Pages Will print maximum 100 pages Stop selling this. and stop buying this.
Casewilla Mobile Stand Holder for Table with Adjustable Height |Update 2021 360 ,Casewilla Mobile,3.658333333333333,210.0,120,Wonderful Brilliant Value-for-money Delightful Moderate Worth every penny Decent product Super! Wonderful Brilliant
Catvision CSR-401HP WIFI Media Streaming Device??(Black),Catvision WIFI,3.6361581920903956,1550.0,885,Must buy! Awesome Great product Must buy! Simply awesome Mind-blowing purchase Moderate Wonderful Best in the market! Best in the market!
Catvision DD FreeDish DTH MPEG4 HD Set Top Box for 115+ FREE TV & WiFi Media Med,Catvision FreeDish,3.9361702127659575,1550.0,47,Good quality product Awesome Fabulous! Wonderful Wonderful Very Good Simply awesome Mind-blowing purchase Worst experience ever! Worst experience ever!
Catvision DD FreeDish MPEG2 SD CSR-201SP Media Streaming Device??(Black),Catvision FreeDish,4.37,899.0,100,Highly recommended Worth every penny Very Good Good quality product Brilliant Really Nice Wonderful Terrific Worth every penny Great product
Cherry Wood Rosewood (Sheesham) Solid Wood 4 Seater Dining Set(Finish Color -Tea,Cherry Wood,4.391304347826087,13999.0,23,Wonderful Moderate Worthless Great product Wonderful Worth the money Good choice Unsatisfactory Highly recommended Terrific
Chhariya Crafts Metal Krishna with Cow Standing Under Tree Plying Flute Decorati,Chhariya Crafts,4.68,298.0,100,Worth every penny Great product Fair Best in the market! Worth the money Classy product Brilliant Very Good Excellent Terrific purchase
Chipku Sticky Trap Non Toxic and Chemical Free Fly Trap/Insect Catcher/Sticky Pa,Chipku Sticky,3.5789473684210527,166.0,19,Nice product Terrible product Decent product Don't waste your money Classy product Utterly Disappointed Super! Moderate Highly recommended Awesome
"Chipku Yellow Sticky Trap/Insect Trap/Glue Trap/for Whiteflies Thrips,for Garden",Chipku Yellow,3.5789473684210527,212.0,38,Nice product Terrible product Decent product Don't waste your money Classy product Utterly Disappointed Super! Moderate Highly recommended Awesome
Choose The Correct ?? LED Music Bulb with Bluetooth Speaker Music Color changing,Choose The,3.608695652173913,379.0,23,Worth every penny Does the job Terrific Fabulous! Classy product Worst experience ever! Worth every penny Best in the market! Worthless Terrible product
"Classic Essentials Pack of 101 Stainless Steel Stainless Steel Dinner Set, 101-P",Classic Essentials,4.15,4999.0,100,Best in the market! Worth the money Perfect product! Perfect product! Good quality product Good quality product Decent product Fabulous! Fair Brilliant
"Classic Essentials Pack of 32 Stainless Steel Stainless Steel Maple Dinner set ,",Classic Essentials,4.185714285714286,1099.0,140,Brilliant Fabulous! Very Good Worth the money Good quality product Good choice Perfect product! Worth the money Terrific purchase Terrific
Classic Essentials Pack of 61 Stainless Steel Dinner Set|Kitchen set for Home|He,Classic Essentials,4.4,2599.0,20,Pretty good Super! Terrific purchase Awesome Terrific Good choice Classy product Brilliant Just wow! Useless product
"Classic Essentials Pack of 68 Stainless Steel Glory Dinner set ,,Silver -Heavy G",Classic Essentials,4.34,2912.0,100,Pretty good Super! Terrific purchase Awesome Terrific Good choice Classy product Brilliant Just wow! Useless product
"Clastik Solid Wood Study Table(Finish Color - Multi Color, Pre-assembled)",Clastik Solid,3.4,298.0,60,Nice product Good quality product Worst experience ever! Very poor Utterly Disappointed Does the job Did not meet expectations Worth the money Super! Very poor
"Cloud Farm Dragon Tree(Hybrid, Pack of 3)",Cloud Farm,2.2,140.0,100,Great product Waste of money! Great product Unsatisfactory Really Nice Good Not recommended at all Slightly disappointed Very poor Worth every penny
Copper String LED light 10 MTR 100 LED USB Operated Decorative Lights 100 LEDs 1,Copper String,4.455,190.0,200,Brilliant Perfect product! Nice product Perfect product! Worth the money Wonderful Mind-blowing purchase Terrific Great product Great product
"Cosito 144 TC Cotton Double Floral Flat Bedsheet(Pack of 1, Multicolor)",Cosito,3.75,339.0,100,Highly recommended Simply awesome Super! Nice product Delightful Perfect product! Just wow! Useless product Mind-blowing purchase Great product
"Cosito 144 TC Cotton Double Floral Flat Bedsheet(Pack of 1, Red, White)",Cosito,4.116279069767442,339.0,2322,Highly recommended Simply awesome Super! Nice product Delightful Perfect product! Just wow! Useless product Mind-blowing purchase Great product
"Cosmic Byte CB-GK-05 Titan with Aluminum Body, Rainbow Backlit Keycaps, Braided ",Cosmic Byte,4.355,949.0,200,Wonderful Fabulous! Good choice Simply awesome Hated it! Worth every penny Terrific purchase Good choice Simply awesome Great product
Cotton Blend Embellished Maroon Men Dupatta,Cotton Blend,4.2,269.0,10,Nan Nan Nan Nan Nan Nan Nan Nan Nan Nan
Cotton Blend Embroidered Maroon Men Dupatta,Cotton Blend,4.051724137931035,302.0,174,Nan Nan Nan Nan Nan Nan Nan Nan Nan Nan
Cotton Blend Embroidered Red Men Dupatta,Cotton Blend,4.051724137931035,269.0,58,Nan Nan Nan Nan Nan Nan Nan Nan Nan Nan
"Crompton 75 L Desert Air Cooler??(White, Teal, ACGC-DAC751)",Crompton,4.076923076923077,9999.0,1183,Simply awesome Worth the money . Desert Cooler live up to the Name . Worth every penny Fabulous! Super! Terrific purchase Classy product Perfect product! Its not a cooler its Ac cooler Wonderful
"Crompton Hill Briz Deco 1200 mm 3 Blade Ceiling Fan(Smoked Brown, Pack of 1)",Crompton Hill,3.8153846153846156,1799.0,130,Best in the market! Good Good Worth the money Terrific Worth the money Pretty good Value-for-money Good choice Pretty good
CuteKitchen CK ET 66 Lakshman TV unit Engineered Wood TV Entertainment Unit(Fini,CuteKitchen,3.89,5022.0,100,Highly recommended. Must Buy. Must buy! Wonderful Value-for-money Perfect product! Nice product Value-for-money Good choice Best in the market! Mind-blowing purchase
Cycle Om Shanthi Navin Cup Sambrani With Resin & Benzoin Fragrance - Pack Of 4(1,Cycle Shanthi,4.41,260.0,100,Mind-blowing purchase Worth every penny Great product Horrible Great product Hated it! Great product Terrific Perfect product! Terrific purchase
D&V ENGINEERING 2 Compartments Iron Remote control holder /stand /organizer for ,ENGINEERING,4.519230769230769,478.0480769230769,104,Wonderful Excellent Wonderful Wonderful Just wow! Classy product Worth the money Delightful Perfect product! Terrific
"D&V ENGINEERING Sturdy Set top Box Stand,DVD,DTH,Telephone, WiFi Modems Stand fo",ENGINEERING Sturdy,3.9047619047619047,859.0,42,Brilliant Utterly Disappointed Good choice Could be way better Terrific Nice Terrific purchase Fabulous! Best in the market! Pretty good
"D-Link DIR-615 Wireless N 300 Router??(Black, Single Band)",Wireless,4.083720930232558,899.0,430,"Works best with PPPoE type cable internet RJ45 Perfect product! Brilliant device with a decent price if you are using any cable BROADBAND(tikona,local cable broadband that do not require a telephone line) Very Good Works very well as a repeater Classy product Mind-blowing purchase Excellent Router compare to TP-Link TL-WR841 N 300 Just wow! Worth the money"
"D-Link DIR-825 AC1200 Wi-Fi Gigabit 1200 Mbps Wireless Router??(Black, Dual Band",Other,3.842857142857143,2499.0,210,Best in the market! Just okay Excellent Wonderful Brilliant Good quality product Terrific purchase Fair Great product Must buy!
DALUCI Set Top Box Stand / WIFI Router Stand / Wall Mount Stand / Wifi Holder MD,DALUCI Set,3.6666666666666665,359.0,12,Could be way better Wonderful Mind-blowing purchase Terrific Delightful Good quality product Good choice Wonderful Pretty good Really Nice
"DALUCI Shelf Organizers(White, Plastic)",DALUCI Shelf,4.081081081081081,239.0,37,Decent product Good quality product Fair Fabulous! Simply awesome Awesome Utterly Disappointed Worth every penny Pretty good Wonderful
DBRW385-DBRWN Day and Date Boy's & Man's Stylish Analog Day & Date Analog Watch ,Day and,4.16,299.0,100,Nan Nan Nan Nan Nan Nan Nan Nan Nan Nan
DDARSH ENTERPRISE Wet and Dry Duster Set,DDARSH ENTERPRISE,3.57,246.0,100,Worth the money Bad quality Very poor Not recommended at all Good quality product Worst experience ever! Worth every penny Decent product Worth every penny Fair
"DDecora Combo Of 450 ML Vegetable Chopper, Stainless-Steel Whisk and Masher(Pack",DDecora Combo,4.75,169.0,16,Terrific purchase Wonderful Highly recommended Pretty good Must buy! Brilliant Simply awesome Perfect product! Terrific purchase Fabulous!
"DEMYA KINF OF STEEL Solid wood Desk Chair(Finish Color - Multicolor, Pre-assembl",DEMYA KINF,3.890909090909091,606.0,55,Brilliant Good choice Excellent Terrific Must buy! Brilliant Slightly disappointed Value-for-money Just wow! Hated it!
DENICRAAS Pendants Ceiling Lamp(Black),DENICRAAS Pendants,4.0,674.0,14,Brilliant Just okay Really Nice Great product Just wow! Absolute rubbish! Great product Best in the market! Classy product Mind-blowing purchase
"DOJI 6 watt color-WarmWhite,spot light,focus light,wall light Track Lights Ceili",DOJI watt,4.9,599.0,10,Terrific purchase Great product Just wow! Excellent Classy product Worth every penny Mind-blowing purchase Brilliant Great product Value-for-money
DRAMIQ Beautiful Kapoor Dani/Aroma Diffuser Cum Night Lamp Electrical Camphor Di,DRAMIQ Beautiful,4.75,240.0,88,Brilliant Highly recommended Excellent Classy product Utterly Disappointed Decent product Great product Mind-blowing purchase Great product Great product
DV NOVAKING 1500 WATT IMMERSION ROD 1500 W Shock Proof Immersion Heater Rod??(WA,NOVAKING,4.2631578947368425,293.0,19,Just wow! Very Good Highly recommended Worth every penny Simply awesome Good quality product Fabulous! Best in the market! Perfect product! Great product
DaduGirase Cleaning Brush Feather Microfiber Duster with Extendable Rod Dust Cle,DaduGirase Cleaning,3.6666666666666665,270.0,30,Awesome Expected a better product Just okay Mind-blowing purchase Not good Great product Perfect product! Does the job Mind-blowing purchase Did not meet expectations
Dallao Waterproof Remote Controlled Rock Crawler RC Monster Car With Wheel Remot,Dallao Waterproof,3.264274061990212,967.6101141924959,613,Must buy! Awesome Must buy! Wonderful Excellent Awesome Pretty good Decent product Must buy! Good choice
"Das Dexter Engineered Wood TV Entertainment Unit(Finish Color - Flowery Wenge, D",Das Dexter,4.166666666666667,1614.0,30,Awesome Worth the money Great product Pretty good Good Terrific Worth the money Highly recommended Just wow! Worth the money
Decorhand Teak Wood Rocking Chair For Living Room / Garden - adults/Grand parent,Decorhand Teak,4.4,9999.0,10,Nice Must buy! Highly recommended Terrific purchase Fabulous! Very poor Brilliant Best in the market! Just wow! Fabulous!
"Decorum 188 TC Polycotton Double Floral Flat Bedsheet(Pack of 1, Multicolor)",Decorum,3.35,229.0,100,Decent product Terrific purchase Nice product Mind-blowing purchase Horrible Decent product Worth the money Terrible product Brilliant Great product
Delite Kom Flex Engineered Wood TV Entertainment Unit(Finish Color - Acacia Dark,Delite Kom,4.380952380952381,5499.0,21,Mind-blowing purchase Pretty good Does the job Best in the market! Delightful Must buy! Mind-blowing purchase Brilliant Very Good Terrific
Demya king of steel Plywood And Metal Study Playing Table Chair Set For Kids(Red,Demya king,3.85,629.0,40,Very Good Unsatisfactory Just okay Simply awesome Highly recommended Terrific purchase Simply awesome Nice product Pretty good Perfect product!
"Demya king of steel Solid wood Desk Chair(Finish Color - BLUE, Pre-assembled)",Demya king,3.1639344262295084,739.0,61,Really Nice Moderate Highly recommended Simply awesome Very poor Moderate Terrible product Waste of money! Best in the market! Not good
"Demya king of steel Solid wood Desk Chair(Finish Color - RED, Pre-assembled)",Demya king,3.55,777.0,40,Just wow! Don't waste your money Excellent Brilliant Excellent Great product Great product Wonderful Very Good Brilliant
DeoDap Microfiber Car Cleaning Duster for Multi-Purpose Use Wet and Dry Duster M,DeoDap Microfiber,3.93,199.0,100,Great product Fair Simply awesome Not recommended at all Best in the market! Terrific Worth every penny Wonderful Very Good Super!
Dettol Effective Protection Antiseptic Liquid(1000 ml),Dettol Effective,4.613421550094518,349.0,1058,Worth the money Brilliant Brilliant Mind-blowing purchase Very Good Super! Perfect product! Really Nice Awesome Brilliant
Diem RUNWET 360 Spin Floor Cleaning Easy Advance Tech Bucket PVC Mop & Rotating ,Diem RUNWET,3.58,681.0,100,Very poor Decent product Useless product Wonderful Super! Wonderful Brilliant Nice product Very poor Did not meet expectations
Dinine Craft Adiyogi Shiva Statue For Car Dashboard Table Decor Idol Decorative ,Dinine Craft,4.15,145.0,60,Worth every penny Just wow! Super! Great product Super! Awesome Excellent Just wow! Mind-blowing purchase Perfect product!
"Dinine Craft Set of 4 Showpiece for Home Decor, Handicraft Showpiece for Table, ",Dinine Craft,4.615,199.0,200,Classy product Terrific purchase Highly recommended Super! Awesome Classy product Awesome Awesome Worth every penny Wonderful
Dinine Craft Wooden 2 Pocket Key Holder for Wall and Home Decor Decorative Showp,Dinine Craft,4.033333333333333,168.0,180,Brilliant Perfect product! Did not meet expectations Excellent Really Nice Value-for-money Classy product Terrific Super! Fair
"DivineCrafts Om Swastik 2 Pocket penstand Wood Key Holder(8 Hooks, Multicolor)",DivineCrafts Swastik,4.11,159.0,100,Perfect product! Wonderful Excellent Wonderful Terrific Worth every penny Mind-blowing purchase Wonderful Awesome Fabulous!
Donizard store Wet and Dry Glove Set(Free Size Pack of 2),Donizard store,3.5277777777777777,193.0,36,Worst experience ever! Worth the money Terrific Value-for-money Just wow! Best in the market! Worth the money Brilliant Fabulous! Excellent
"Dr Ortho Knee Cap for Pain Relief, Sports, Gym, Exercise, Running for Men & Wome",Ortho Knee,4.445,260.0,200,Excellent Must buy! Super! Delightful Brilliant Worth every penny Must buy! Great product Worth every penny Simply awesome
ELV Aluminium Adjustable And Foldable Dock Mobile Holder,ELV Aluminium,4.271428571428571,269.0,70,Perfect product ! Fabulous! Brilliant Must buy! Value-for-money Nice product Just wow! Good quality product Awesome Awesome
ELV Portable Aluminium Mobile Stand Holder With Convenient Charging for Tablet a,ELV Portable,4.283333333333333,127.0,120,Fabulous! Excellent Classy product Value-for-money Worth every penny Simply awesome Just wow! Great product Worth the money Terrific purchase
"ERAWUD Engineered Wood TV Entertainment Unit(Finish Color - Black, DIY(Do-It-You",ERAWUD Engineered,4.288135593220339,1804.0,59,Wonderful Wonderful Best in the market! Good quality product Fabulous! Good quality product Fabulous! Wonderful Highly recommended Mind-blowing purchase
ESET Total Security 1.0 User 1 Year(CD/DVD),ESET Total,3.5,749.0,10,Slightly disappointed Very Good Must buy! Wonderful Highly recommended Good Worst experience ever! Ultimate security. Good security for PC Biggest mistake of my life!
ESET Total Security 3.0 User 1 Year(CD/DVD),ESET Total,4.4,2345.0,10,Just okay ESET-I am happy Waste of money! Worth every penny Perfect product! Awesome Classy product Really Nice Must buy! Highly recommended
EUREKA FORBES Trendy Zip Dry Vacuum Cleaner with Reusable Dust Bag(Red & Black),EUREKA FORBES,3.7458033573141485,2799.0,417,Brilliant good product Nice product Super! Just wow! Fair Just wow! Terrific purchase Simply awesome Simply awesome
"Ebee Engineered Wood Computer Desk(Modular, Finish Color - Wenge, DIY(Do-It-Your",Ebee Engineered,3.8205128205128207,3091.3076923076924,156,Just wow! Great product Terrific purchase Utterly Disappointed Terrific Just wow! Wonderful Wonderful Delightful Terrific
EdenSoul USB Rechargeable Moon Lamp 5 Color Changing Sensor Touch Decoration Cry,EdenSoul USB,3.975,585.0,200,Excellent Highly recommended Simply awesome Mind-blowing purchase Good Excellent Worth every penny Perfect product! Bad quality Worst experience ever!
"Elgi Ultra FASTGRIND Wet Grinder??(Red, White)",Elgi Ultra,4.6521739130434785,10000.0,23,Brilliant Good choice for a busy household Mind-blowing purchase Delightful Excellent Pretty good Pretty good Slightly disappointed Worth the money Best in the market!
Embroco Polyester Fibre Solid Cushion Pack of 5(White),Embroco Polyester,3.8059701492537314,472.13432835820896,134,Best in the market! Must buy! Terrible product Worth every penny Terrific Just okay Fair Just wow! Nice product Does the job
Eurodomo Hood Indigo PRO HC SC FL BK 60 Auto Clean Wall Mounted Chimney??(Black ,Eurodomo Hood,4.351674641148326,7599.0,418,Woww Product... Best in the market! Best in the market! Fabulous! Terrific purchase Super! Wonderful Awesome product but no free installation Very poor Great product
Exclusive Affordable Collection of Trendy & Stylish Sport Sneakers Shoes Running,Exclusive Affordable,3.813953488372093,299.0,129,Nan Nan Nan Nan Nan Nan Nan Nan Nan Nan
Exclusive Range of Stylish Comfortable Sports Sneakers Running Shoes Running Sho,Exclusive Range,3.967741935483871,299.0,124,Nan Nan Nan Nan Nan Nan Nan Nan Nan Nan
F8WARES 16inch Reusable Dishwashing Industrial Gardening Cleaning Rubber Hand Gl,Reusable,3.8289473684210527,299.0,76,Classy product Delightful Best in the market! Highly recommended Worth every penny Waste of money! Very poor Terrific purchase Simply awesome Just wow!
FAST Trenddy Tainer Lace-ups Sporty Casuals Training & Gym Shoes For Men??(White,FAST Trenddy,4.092307692307692,399.0,130,Nan Nan Nan Nan Nan Nan Nan Nan Nan Nan
FLIPZON Baby 6 Shelve Unbreakable Material PVC Collapsible Wardrobe(Finish Color,FLIPZON Baby,4.388208269525268,1095.0,1306,Must buy! Mind-blowing purchase Fabulous! Highly recommended Highly recommended Pretty good Very Good Worst experience ever! Wonderful Delightful
FLORICAN Height and Angle Adjustable Mobile Holder,FLORICAN Height,4.575,278.0,200,Great product Terrific purchase Pretty good Good quality product Wonderful Terrific Classy product Perfect product! Good choice Nice product
FLOSTON 250m.m. Antique Chandelier Jhoomar ceiling lamp Chandelier Ceiling Lamp(,FLOSTON Antique,3.73,850.0,200,Nice Best in the market! Fabulous! Best in the market! Excellent Wonderful Good choice Best in the market! Decent product Fabulous!
"FOZIA Fabric Sofa(Finish Color - Red, Pre-assembled)",FOZIA Fabric,4.2,489.0,10,Best in the market! Awesome Does the job Nice Delightful Great product Good Really Nice Awesome Wonderful
FULL BLACK FANCY DIAL SPORT PU BELT WATCH & KING BRECELET PACK OF 3 Analog Watch,FULL BLACK,4.06,256.0,200,Nan Nan Nan Nan Nan Nan Nan Nan Nan Nan
Faber FFSD 6PR 12S Neo Black Free Standing 12 Place Settings Dishwasher,Faber FFSD,4.6,25990.0,10,Worth every penny Terrific Simply awesome Great product Simply awesome Perfect product! Best in the market! Wonderful Great product Waste of money!
Faber FFSD 6PR 12S Neo Free Standing 12 Place Settings Intensive Kadhai Cleaning,Faber FFSD,4.470588235294118,29990.0,17,Excellent Simply awesome Highly recommended Really Nice Did not meet expectations Very Good Mind-blowing purchase Fabulous! Worth every penny Terrific purchase
Faber FFSD 8PR 14S Free Standing 14 Place Settings Intensive Kadhai Cleaning| No,Faber FFSD,4.7,41990.0,10,Awesome Perfect product! Must buy! Simply awesome Wonderful Just wow! Pretty good Excellent Pretty good Must buy!
Faber Hood Mercury Pro HC SC FL BK 60 Auto Clean Wall Mounted Chimney??(Black 12,Faber Hood,4.6,9990.0,20,Awesome Brilliant Great product Simply awesome Brilliant Super! Highly recommended Mind-blowing purchase Just wow! Good quality product
"FasonGreen Guava Plant(Hybrid, Pack of 1)",FasonGreen Guava,2.6538461538461537,118.0,26,Hated it! Must buy! Worst experience ever! Did not meet expectations Did not meet expectations Worst experience ever! Worthless Wonderful Worst experience ever! Super!
"Flipkart Perfect Homes Dalton Engineered Wood Study Table(Free Standing, Finish ",Flipkart Perfect,4.005,5790.0,200,Terrific Brilliant Good Brilliant Fabulous! So so product Super! Wonderful Best in the market! Terrific
Flipkart Perfect Homes Phonox Engineered Wood TV Entertainment Unit(Finish Color,Flipkart Perfect,4.02,5890.0,100,Decent product Wonderful Terrific purchase Classy product Brilliant Good quality product Fabulous! Really Nice Wonderful Great product
Flipkart Perfect Homes Sirena Engineered Wood TV Entertainment Unit(Finish Color,Flipkart Perfect,3.8285714285714287,6690.0,70,Terrific purchase Does the job Perfect product! Terrific purchase Wonderful Excellent Terrible product Absolute rubbish! Great product Simply awesome
"Flipkart Perfect Homes Studio Metal Open Book Shelf(Finish Color - Black, DIY(Do",Flipkart Perfect,3.9572649572649574,1599.0,117,Best in the market! Best in the market! Best in the market! Perfect product! Perfect product! Worth the money Very poor Just wow! Perfect product! Really Nice
"Flipkart Perfect Homes Webster TV Entertainment Unit(Finish Color - Wenge, Knock",Flipkart Perfect,4.03,15490.0,200,Excellent Nice product Must buy! Good choice Wonderful..! I highly recommend. Delightful Great product Terrific Fabulous! Must buy!
"Flipkart SmartBuy 10W Fast Charger , Compatible with Vivo,Oppo,Gionee,Xiomi,Redm",Flipkart SmartBuy,3.54,299.0,100,Terrific Pretty good Mind-blowing purchase Very Good Brilliant Worthless Just wow! Absolute rubbish! Did not meet expectations Excellent
Flipkart SmartBuy 360 Spin Blue Bucket Mop Set with single Microfiber Refill Mop,Flipkart SmartBuy,4.3090909090909095,545.0,55,Worth the money Super! Nice Wonderful Brilliant Slightly disappointed Fabulous! Highly recommended Wonderful Perfect product!
"Flipkart SmartBuy 45 L Green, White, Blue Laundry Bag(Non-Woven)",Flipkart SmartBuy,4.0,165.0,63,Awesome Perfect product! Great product Highly recommended Brilliant Just wow! Fabulous! Good Best in the market! Terrific purchase
"Flipkart SmartBuy Blue Cotton Carpet(136 cm,  X 180 cm, Rectangle)",Flipkart SmartBuy,3.880952380952381,389.0,84,Perfect product! Just wow! Wonderful Classy product Bad quality Absolute rubbish! Nice product Value-for-money Terrible product Terrific
Flipkart SmartBuy Bucket Spin Mop Floor Cleaning and Mopping System2 Microfiber ,Flipkart SmartBuy,3.8275862068965516,619.0,116,Awesome Great product Wonderful Terrific Good quality product Worth every penny Classy product Best in the market! Good Perfect product!
"Flipkart SmartBuy CFXB15 Electric Rice Cooker??(1.5 L, White)",Flipkart SmartBuy,4.020618556701031,1499.0,679,Worst experience ever! Excellent Perfect product! Pretty good Good choice Delightful Super! Super! Delightful Wonderful
"Flipkart SmartBuy CFXB18 Electric Rice Cooker??(1.8 L, White, Blue)",Flipkart SmartBuy,4.021064301552107,1599.0,902,Excellent Just wow! Delightful Great product Great product Super! Super! Fabulous! Worth every penny Wonderful
Flipkart SmartBuy ISI Mark Shock-Proof & Water-Proof 1500 W Immersion Heater Rod,Flipkart SmartBuy,4.186192468619247,405.0,478,Wonderful Wonderful Just wow! Super! Fabulous! Excellent Just wow! Great product Delightful Does the job
Flipkart SmartBuy Microfibre Stripes Cushion Pack of 5(White),Flipkart SmartBuy,4.1,1259.0,10,Unsatisfactory Best in the market! Fair Highly recommended Excellent Best in the market! Does the job Good quality product Super! Awesome
Flipkart SmartBuy Pack of 61 Stainless Steel Dinner Set(Silver),Flipkart SmartBuy,3.8947368421052633,2443.0,171,Worth every penny Excellent Fabulous! Terrific purchase Brilliant Simply awesome Simply awesome Wonderful Does the job Really Nice
"Flipkart SmartBuy SLICK Multi Angle Mobile Stand. Phone Holder. Portable,Foldabl",Flipkart SmartBuy,4.7,179.0,20,Brilliant Excellent Super! Classy product Good quality product Terrific Value-for-money Excellent Worth every penny Value-for-money
Flipkart SmartBuy Wet Kitchen Cleaning Cloth Environmentally Friendly Sponge Clo,Flipkart SmartBuy,4.1,190.0,50,Worth every penny Great product Good choice Brilliant Perfect product! Awesome Very Good Super! Really Nice Worth every penny
Flying monk Reusable Rubber Silicon Household Safety Wash Scrubber Heat Resistan,Flying monk,4.033333333333333,226.0,60,Good choice Really Nice Terrific purchase Does the job Worst experience ever! Awesome Classy product Fair Great product Wonderful
"Fresh Zone Polyester Door Mat(Multicolor, Medium, Pack of 5)",Fresh Zone,4.035,239.0,200,Wonderful Simply awesome Wonderful Very Good Mind-blowing purchase Excellent Brilliant Super! Good Worth the money
Fun and Flex Solid Jungle Theme Animal Face Foil Balloons Garland Arch Kit for B,Fun and,3.7916666666666665,268.0,96,Good quality product Classy product Just okay Just wow! Worth every penny Great product Nice product Unsatisfactory Absolute rubbish! Fabulous!
Funtastik Steel Shirt Pack of 12 Hangers For  Shirt(Silver),Funtastik Steel,3.4055555555555554,171.0,180,Delightful Pretty good Excellent Worth the money Worth every penny Best in the market! Delightful Don't waste your money Wonderful Perfect product!
Furnifry Floating wall mounted tv stand/Set Top Box Holder/TV Unit for living ro,Furnifry Floating,3.933333333333333,1999.0,15,Simply awesome Terrific Decent product Awesome Awesome Classy product Awesome Unsatisfactory Worth every penny Fabulous!
Furnifry Wooden TV Entertainment Unit/Wall Set Top Box Shelf Stand/TV Cabinet fo,Furnifry Wooden,3.977707006369427,2969.0,314,Worth the money Wonderful Worth the money Great product Mind-blowing purchase Worth every penny Worth the money Fabulous! Great product Best in the market!
Furnifry Wooden TV Entertainment Unit/Wall Set Top Box Shelf Stand/TV Unit Bedro,Furnifry Wooden,4.005128205128205,2969.0,390,Worth the money Wonderful Worth the money Great product Mind-blowing purchase Worth every penny Worth the money Fabulous! Great product Best in the market!
Furnifry Wooden Wall Mounted TV Entertainment Unit/TV Stand/TV Cabinet/Set-Top B,Furnifry Wooden,3.970684039087948,2970.0,614,Worth the money Wonderful Worth the money Great product Mind-blowing purchase Worth every penny Worth the money Fabulous! Great product Best in the market!
Furnifry Wooden Wall Mounted TV Stand/TV Entertainment Unit/TV Cabinet with Util,Furnifry Wooden,3.9966666666666666,2969.0,300,Worth the money Wonderful Worth the money Great product Mind-blowing purchase Worth every penny Worth the money Fabulous! Great product Best in the market!
GADGETWEAR Multipurpose Microfiber Magic Fan Cleaning Brush with Long Rod for ca,GADGETWEAR Multipurpose,3.5689655172413794,249.0,58,Very Good Terrific purchase Worthless Brilliant Value-for-money Wonderful Don't waste your money Brilliant Simply awesome Nice product
"GLOBAL GREEN Dragon Tree(Hybrid, Pack of 5)",GLOBAL GREEN,3.06,154.0,300,Nice Wonderful Excellent Just wow! Worth every penny Highly recommended Just okay Classy product Fabulous! Nice
GLORIEUX ART Beautiful Antique Wooden Fold-able Side Table/End Table/Stool Livin,GLORIEUX ART,3.55,470.0,100,Awesome Good choice Really Nice Pretty good Perfect product! Simply awesome Super! Good Perfect product! Highly recommended
"GREEN SOUL Jupiter Go High Back Ergonomic|Home, Office|2D Headrest|Lumbar Suppor",GREEN SOUL,4.333333333333333,8590.0,33,"Easy to assemble, super comfortable! Value-for-money Terrific purchase Worth the money Nice product Good choice Good quality product Good choice Nice product Terrific"
GaxQuly Multipurpose Vegetable Fruit Handy Chopper Machine with stainless steel ,GaxQuly Multipurpose,3.769230769230769,379.0,13,Brilliant Excellent Awesome Very Good Terrible product Best in the market! Very poor Simply awesome Worthless Good choice
"GiftMax Smart Watch Magnetic Suction Charger For 2 Pin (Noise Colorfit Pro 2,3, ",GiftMax Smart,3.369565217391304,269.0,46,Classy product Perfect product! Waste of money! Wonderful Good choice Super! Absolute rubbish! Delightful Terrible product Terrific
"Giftoshopee Wooden & Iron Rocking Chair ,Garden Rocking Chair Solid Wood 1 Seate",Giftoshopee Wooden,3.5384615384615383,5414.0,13,Mind-blowing purchase Perfect product! Fabulous! Just okay Super! Really Nice Good Bad quality Fabulous! Don't waste your money
Glen ISPA 90 BL Auto Clean Wall Mounted Chimney??(Black 1050 CMH),Glen ISPA,4.116666666666666,11999.0,60,Brilliant Excellent Terrific purchase Perfect product! Wonderful Highly recommended Does the job Just wow! Super! Good quality product
"Gojeeva Wooden Hanging Lamp suitable for Living Room,Bedroom,Hallway(pack of 2) ",Gojeeva Wooden,3.741573033707865,599.0,89,Super! Terrific purchase Excellent Just okay Highly recommended Nice product Worst experience ever! Super! Fabulous! Just okay
"Good Will Crafts Hanging Lantern,Tealight,Candle Holder Gold Iron, Metal Hanging",Good Will,4.333333333333333,292.0,15,Fabulous! Mind-blowing purchase Highly recommended Terrific Nice product Don't waste your money Good quality product Worth every penny Just wow! Good quality product
"Goodrik 140 TC Cotton Double 3D Printed Flat Bedsheet(Pack of 1, Brown)",Goodrik,3.55,229.0,300,Delightful Good quality product Waste of money! Classy product Brilliant Simply awesome Mind-blowing purchase Excellent Really Nice Expected a better product
"Goodson Cotton Floor Mat(Navy Grey Aqua, Free, Pack of 2)",Goodson Cotton,2.977272727272727,189.0,88,Nice Mind-blowing purchase Worthless Horrible Expected a better product Utterly Disappointed Don't waste your money Don't waste your money Bad quality Nice
"Google 30W - 5A ,USB-C,Power Adaptor for Google devices??(White)",Google,4.592592592592593,2199.0,108,Worth every penny Super! Good quality product Mind-blowing purchase Nice product Simply awesome Simply awesome Highly recommended Not recommended at all Awesome
Google Chromecast 3 Media Streaming Device??(Black),Google Chromecast,4.163333333333333,2651.0,300,Classy product Delightful Fabulous! Perfect product! Wonderful Must buy! Terrible product Good choice Wonderful Nice product
Google Chromecast with TV (4K) Media Streaming Device??(Snow),Google Chromecast,4.6,6387.0,10,Must buy! Great product Mind-blowing purchase Excellent Just wow! Just wow! Excellent Best in the market! Good A good handy 4k media streamer with few problems
"Google Nest Hub (2nd gen), Display with Google Assistant Smart Speaker??(Charcoa",Google Nest,4.182608695652174,6999.0,115,Best in the market! Cool Device. Terrific Great product Worth every penny Worth the money review on first use Fabulous! Terrific Nice A must have gadget for a smart home
Google Nest Mini (2nd Gen) with Google Assistant Smart Speaker??(Chalk),Google Nest,4.031287605294826,3499.0,1662,"Does what it says, Amazing service from Flipkart Delightful Slightly disappointed Simply awesome Super! Beware, You might get a habits to just ask Assistant hidden costs?! Terrific Classy product Worthless"
Google Nest Mini (2nd Gen) with Google Assistant with Google Assistant Smart Spe,Google Nest,3.585,3499.0,200,"Does what it says, Amazing service from Flipkart Delightful Slightly disappointed Simply awesome Super! Beware, You might get a habits to just ask Assistant hidden costs?! Terrific Classy product Worthless"
Green Home Reusable Latex Hand Gloves for Kitchen Black Wet and Dry Glove(Free S,Green Home,3.68,158.0,100,Nice product Just wow! Super! Worth every penny Super! Terrible product Classy product Worthless Terrific Unsatisfactory
Greenchef Solona Table Top Grinder Wet Grinder??(Pink),Greenchef Solona,3.86,3599.0,100,Unsatisfactory Terrific Brilliant Wonderful Terrific purchase Good Brilliant Value-for-money Mind-blowing purchase Terrific purchase
Greenery Hub Home Garden Flowers Seeds 40 Varieties Seeds Combo With Instruction,Greenery Hub,3.5185714285714287,152.0,700,Good Simply awesome Terrific purchase Terrific purchase Pretty good Fabulous! Really Nice Super! Brilliant Terrific
"Greenfinity Baker's Active Dry Yeast, 75g Yeast Powder",Greenfinity Active,3.9878048780487805,130.0,82,Just wow! Simply awesome Wonderful Terrific Very Good Best in the market! Mind-blowing purchase Waste of money! Excellent Nice product
"Growing Decorishing 300 TC Polycotton Double 3D Printed Flat Bedsheet(Pack of 1,",Growing Decorishing,3.2857142857142856,258.0,42,Fabulous! Brilliant Pretty good Waste of money! Utterly Disappointed Moderate Horrible Worthless Worth the money Useless product
"HAIR & CARE Triple Blend Damage Repair Non-Sticky Hair Oil with Aloe Vera, For D",HAIR CARE,4.653326663331666,113.0,1999,Fabulous! Brilliant Must buy! Must buy! Best in the market! Best in the market! Fabulous! Worth every penny Wonderful Awesome
"HARIOM ALL IN ONE Solid Wood Study Table(Finish Color - ABCD KALAM, Pre-assemble",HARIOM ALL,3.959016393442623,499.0,122,Excellent Classy product Mind-blowing purchase Utterly Disappointed Not good Must buy! Terrific purchase Great product Worthless Must buy!
"HARIOM ALL IN ONE Solid Wood Study Table(Finish Color - KITTY PINK, Pre-assemble",HARIOM ALL,3.959016393442623,545.0,122,Excellent Classy product Mind-blowing purchase Utterly Disappointed Not good Must buy! Terrific purchase Great product Worthless Must buy!
"HARIOM ALL IN ONE Solid Wood Study Table(Finish Color - MOTU PATLU, Pre-assemble",HARIOM ALL,3.959016393442623,549.0,122,Excellent Classy product Mind-blowing purchase Utterly Disappointed Not good Must buy! Terrific purchase Great product Worthless Must buy!
"HARIOM ALL IN ONE Solid Wood Study Table(Finish Color - SPIDERMAN BUILDING, Pre-",HARIOM ALL,4.125,517.0,184,Good choice Delightful Just wow! Best in the market! Very Good Worth the money Good Highly recommended Mind-blowing purchase Terrific purchase
"HAVELLS Rigo without jars (0 jars) 500 W Juicer (White, Blue)",HAVELLS Rigo,4.151515151515151,2590.0,198,Must buy! Classy product Nice product Mind-blowing purchase Excellent Does the job Nice product Value-for-money Pretty good Nice product
HAVELLS convenio 500 W Food Processor(Black),HAVELLS convenio,2.3,5499.0,10,Brilliant Absolute rubbish! Worthless Utterly Disappointed Just okay Waste of money! Slightly disappointed Did not meet expectations Really Nice Good quality product
"HERO Skyper 26T 26 T Mountain/Hardtail Cycle(Single Speed, Black)",HERO Skyper,4.525,5999.0,120,Terrific purchase Brilliant Classy product Great product Mind-blowing purchase Great product Good quality product Pretty good Mind-blowing purchase Wonderful
HERSHEY'S Cocoa Powder,Cocoa Powder,4.433333333333334,231.0,300,Worth every penny Classy product Pretty good Does the job Super! Worth every penny Good choice Just okay Highly recommended Value-for-money
HF MRF GRAND EDITON VK-18 ( Ideal For 15-21 Years) Hard Plastic bat for tennis b,MRF GRAND,4.217391304347826,425.0,23,Highly recommended Pretty good Must buy! Terrific Nice Highly recommended Perfect product! Good Decent product Best in the market!
HF MRF GRAND Edition VK - 18 Full Size ( Ideal For 15-21 Years ) Complete Cricke,MRF GRAND,4.445255474452555,3699.0,137,Super! Simply awesome Perfect product! Excellent Good choice Brilliant Must buy! Terrific Perfect product! Terrific
HL-2022 New Trending Full Black Round Waterproof Gym Fitness Freek HL-2022-DTL D,New Trending,4.190677966101695,279.0,236,Nan Nan Nan Nan Nan Nan Nan Nan Nan Nan
"HOFFICE Engineered Wood Study Table(Wall Mounted, Finish Color - African Oak, DI",HOFFICE Engineered,2.789473684210526,3959.0,19,Horrible Worst experience ever! Not good Brilliant Not good Hated it! Worst experience ever! Absolute rubbish! Really Nice Useless product
HP 14s Intel Core i3 11th Gen - (8 GB/256 GB SSD/Windows 11 Home) 14s - dy2507TU,Intel,4.087378640776699,38990.0,103,Terrific purchase Mind-blowing purchase Really Nice Pretty good Worth every penny Classy product Good quality product Good quality product Super! Mind-blowing purchase
HP 46 Black Ink Cartridge,Black,3.96875,912.0,96,Mind-blowing purchase Awesome Unsatisfactory Simply awesome Just wow! Really Nice Good choice Mind-blowing purchase Must buy! Must buy!
HP 678 Black Ink Cartridge,Black,3.916932907348243,809.0,313,amazing coloured prints. :) Nice Product Best to Buy From Flipkart Cost effective and great quality prints Cartridge delivered .. superfast and well packed. hands off flipkart HP Sells Ink & Head and not Printer Perfect product! Simply awesome Excellent Service
HP 680 Black Ink Cartridge,Black,4.057142857142857,852.0,700,Good Product Excellent product Moderate Classy product Simply awesome Worth the money Nice product Awesome Utterly Disappointed Excellent
HP 682 Black Ink Cartridge,Black,4.030612244897959,828.0,98,Fair Waste of money! Worth every penny Value-for-money Waste of money! Could be way better Classy product Not recommended at all Awesome Simply awesome
HP 803 Small Black Ink Cartridge,Small,3.3,809.0,50,Simply awesome Highly recommended Unsatisfactory Excellent Worth the money Waste of money! Perfect product! Great product Worst experience ever! Don't waste your money
HP 805 Tri-Color Ink Cartridge,Other,3.8870967741935485,789.0,124,Not recommended at all Absolute rubbish! Worth every penny Hated it! Don't waste your money Wonderful Wonderful Not good Utterly Disappointed Don't waste your money
HP GK320 Wired USB Gaming Keyboard(Black),Wired,4.38,1599.0,100,Wonderful Just wow! Brilliant Does the job Worth every penny Fabulous! Stops working after return period Terrific Brilliant Simply awesome
HP Pavilion Ryzen 5 Hexa Core AMD R5-5600H - (8 GB/512 GB SSD/Windows 10/4 GB Gr,Pavilion Ryzen,4.409733124018838,59990.0,637,"Pretty good Wonderful Simply awesome Best in the market! Best in the market! Mind-blowing purchase Highly recommended Good in performance, but need improvement in design. Worth every penny Awesome"
HP Pavilion Ryzen 5 Hexa Core AMD R5-5600H - (8 GB/512 GB SSD/Windows 11 Home/4 ,Pavilion Ryzen,4.735294117647059,67490.0,34,Good choice Perfect product! Excellent Perfect product! Mind-blowing purchase Wonderful Super! Awesome Just wow! Highly recommended
HP Ryzen 5 Hexa Core 5500U - (8 GB/512 GB SSD/Windows 11 Home) 15s- eq2144au Thi,Ryzen,4.305555555555555,46990.0,72,Good quality product Must buy! Must buy! Highly recommended Wonderful Classy product Terrific Just wow! Don't waste your money Perfect product!
"HRX XTRM MTB 900 Foldable 27.5 T Mountain Cycle(21 Gear, Multicolor)",HRX XTRM,4.166666666666667,16499.0,114,Awesome Just wow! Wonderful Best in the market! Mind-blowing purchase Must buy! Simply awesome Classy product Terrific Brilliant
"Habitat Green Plastic Area Rug(45 cm,  X 120 cm, Rectangle)",Habitat Green,3.6927710843373496,253.0,166,Excellent Awesome Terrific Wonderful Awesome Not recommended at all Mind-blowing purchase Classy product Does the job Value-for-money
Hafele Aqua 12S Free Standing 12 Place Settings Intensive Kadhai Cleaning| No Pr,Hafele Aqua,4.722222222222222,29990.0,18,Just wow! Mind-blowing purchase Nice product Just wow! Wonderful Good choice Brilliant Classy product Wonderful Very Good
"Haier 6.5 kg 5 star Ariel Wash Fully Automatic Top Load Brown, Grey(HWM65-FE)",Haier,4.31784107946027,12990.0,667,Terrific Best in the market! Mind-blowing purchase Nice product Fair Value-for-money Worth every penny Good quality product Must buy! Best in the market!
Hamlay by SIGRI-WALA Pack of 40 Melamin Pink Dahlia Dinner Set(Multicolor),Hamlay,4.630769230769231,1299.0,195,Fabulous! Super! Simply awesome Just wow! Simply awesome Excellent Worth every penny Awesome Nice product Highly recommended
Hamlay by SIGRI-WALA Pack of 40 Melamin Red Marigold Dinner Set(Multicolor),Hamlay,4.591304347826087,1299.0,230,Classy product Classy product Awesome Best in the market! Very Good Worth every penny Classy product Classy product Just wow! Brilliant
"Hari Darshan Mix Cones | Dry Dhoop Sticks |Lavender|Rose|Sandal|Mogra Sandal, Ro",Hari Darshan,3.9375,125.0,32,Very poor Hated it! Terrific Terrific Just wow! Highly recommended Did not meet expectations Worth every penny Terrible product Really Nice
"Hello Baby Fabric Sofa(Finish Color - sky blue, Pre-assembled)",Hello Baby,4.23489932885906,739.0,149,Mind-blowing purchase Delightful Wonderful Mind-blowing purchase Terrific Value-for-money Simply awesome Must buy! Highly recommended Pretty good
"Hillgrove 10in1 Basic 25W Soldering Iron Kit with 5 Meter Solder Wire, Cutter, S",Hillgrove Basic,4.293333333333333,267.0,300,Just wow! Pretty good Wonderful Must buy! Super! Does the job Fair Brilliant Brilliant Mind-blowing purchase
"Hillgrove 10in1 Biggers 25W Soldering Iron Kit 25 W Simple(Flat, Pointed Tip)",Hillgrove Biggers,4.43,285.0,100,"Simply awesome Great product Perfect product! I love flipkart,this soldring iron is best Really Nice Pretty good Awesome Terrific purchase Worth every penny Terrific purchase"
Hillgrove Electronic 3in1 Mobile Soldering Iron Equipment Tool Machine Combo Kit,Hillgrove Electronic,4.01,219.0,100,Does the job Terrific purchase Pretty good Wonderful Brilliant Very poor Good Just wow! Terrific Must buy!
Hindware Nevio Plus 60  Auto Clean Wall Mounted Chimney??(Black 1400 CMH),Hindware Nevio,4.554838709677419,13999.0,310,Utterly Disappointed Wonderful Pretty good Terrific purchase Perfect product! Super! Moderate Classy product Must buy! Good choice
Hindware Ripple 90 Auto Clean Wall Mounted Chimney??(Black 1350 CMH),Hindware Ripple,4.227513227513228,14299.0,567,Worth the money Best in the market! Highly recommended Perfect product! Just okay Value-for-money Simply awesome Really Nice Perfect product! Classy product
Hindware Ripple 90 Auto Clean Wall Mounted Chimney??(Inox 1350 CMH),Hindware Ripple,4.291828793774319,14299.0,257,Worth the money Best in the market! Highly recommended Perfect product! Just okay Value-for-money Simply awesome Really Nice Perfect product! Classy product
Hiru LED BRICK LIGHT - 50W RGB LED Brick Light (Mini Party Light) Remote IP65 LE,Hiru LED,3.2666666666666666,222.0,30,Brilliant Perfect product! Really Nice Fabulous! Worth every penny Best in the market! Unsatisfactory Unsatisfactory Fabulous! Fair
Hiru Party Light - 50W RGB LED Brick Light Remote IP65 LED Flood Light Flood Lig,Hiru Party,3.6751269035532994,230.0,197,Wonderful Wonderful Did not meet expectations Wonderful Worthless Great product Awesome Value-for-money Excellent Fabulous!
Hold up Triangle Shape Mobile Holder For Table Desk Pack Of 5 Mobile Holder Mobi,Hold Triangle,4.1063829787234045,136.0,94,Worth every penny Nice product Worth every penny Super! Really Nice Did not meet expectations Fabulous! Highly recommended Perfect product! Utterly Disappointed
"Home Full Bliss Engineered Wood TV Entertainment Unit(Finish Color - Wenge, Knoc",Home Full,3.81,8890.0,100,Mind-blowing purchase Just wow! Awesome Classy product Worth the money Wonderful Wonderful Delightful Mind-blowing purchase Brilliant
Home Sizzler 153 cm (5.02 ft) Polyester Room Darkening Window Curtain (Pack Of 2,Home Sizzler,4.4783908045977014,299.0,4350,Good choice Mind-blowing purchase Best in the market! Best in the market! Fabulous! Brilliant Best in the market! Fabulous! Fabulous! Good
Home Sizzler 214 cm (7.02 ft) Polyester Semi Transparent Door Curtain (Pack Of 2,Home Sizzler,4.491228070175438,399.0,399,Good choice Mind-blowing purchase Best in the market! Best in the market! Fabulous! Brilliant Best in the market! Fabulous! Fabulous! Good
Homes Decor 12W LED Round Panel Light with Dual Lighting (Blue & White) Recessed,Homes Decor,4.3076923076923075,300.0,65,Great product Must buy! Simply awesome Great product Nice Best in the market! Not recommended at all Classy product Very Good Hated it!
Homes Decor 12W LED Round Panel Light with Dual Lighting (Pink & white) Ceiling ,Homes Decor,4.171428571428572,300.0,70,Awesome Wonderful Highly recommended Value-for-money Terrible product Pretty good Value-for-money Brilliant Useless product Not recommended at all
"I Kall IK22 40 W Bluetooth Home Theatre(Black, 2.1 Channel)",Kall,3.569811320754717,1549.0,530,Fabulous! Highly recommended Classy product Delightful Pretty good Must buy! Hated it! Fabulous! Good choice Really Nice
ICECLOUD Smart Watch 2 Pins Magnetic Suction Charger Cable Compatible Charging P,ICECLOUD Smart,2.8055555555555554,329.0,36,Delightful Nice Unsatisfactory Did not meet expectations Did not meet expectations Absolute rubbish! Hated it! Not recommended at all Waste of money! Worst experience ever!
"IFB 23 L Convection Microwave Oven(23SC3, Silver)",IFB,4.5472222222222225,9499.0,360,Great Microwave! IFB is far superior than other brands Terrific Perfect product! Fabulous! Just wow! Awesome Product Priced good! Just wow! Must buy!
"IFB Neptune FX Free Standing 12 Place Settings with Germ-Free Hygienic Wash, Mad",IFB Neptune,3.975,29990.0,40,Neptune Really Nice Terrific Simply awesome Best in the market! good entrylevel product Simply awesome Must buy! Amazing Product from IFB! Terrific purchase
"IFB Neptune SX1 Free Standing 15 Place Settings with Germ-Free Hygienic Wash, Ma",IFB Neptune,4.48,44490.0,150,IFB MACHINE WORKS WELL WITH FORTUNE DETERGENT +&- Best in the market! Must buy! Mind-blowing purchase Delightful Express delivery in 1 day Super! IFB Dishwasher IFB SX1 Nice product Simply awesome
"IFB Neptune VX Free Standing 12 Place Settings with Germ-Free Hygienic Wash, Mad",IFB Neptune,4.394117647058824,38490.0,170,IFB MACHINE WORKS WELL WITH FORTUNE DETERGENT +&- Best in the market! Must buy! Mind-blowing purchase Delightful Express delivery in 1 day Super! IFB Dishwasher IFB SX1 Nice product Simply awesome
IFB Neptune VX Plus Free Standing 15 Place Settings with Germ-Free Hygienic Wash,IFB Neptune,4.242424242424242,41990.0,132,IFB MACHINE WORKS WELL WITH FORTUNE DETERGENT +&- Best in the market! Must buy! Mind-blowing purchase Delightful Express delivery in 1 day Super! IFB Dishwasher IFB SX1 Nice product Simply awesome
"INKULTURE Cosmetic & Make-up Organizers(White, Plastic)",INKULTURE Cosmetic,4.149425287356322,219.0,87,Value-for-money Worth the money Value-for-money Perfect product! Good quality product Does the job Really Nice Waste of money! Best in the market! Useless product
"IWS Printed Double Mink Blanket for  Mild Winter(Microfiber, Black)",IWS Printed,3.965,529.0,200,Highly recommended Fair Excellent Fabulous! Really Nice Perfect product! Super! Delightful Horrible Classy product
Inalsa Easy Prep_ 800 W Food Processor(Black),Inalsa Easy,3.6,4399.0,80,Wonderful Worthless Just wow! Wonderful Brilliant Useless product Useless product Nice product Hated it! Terrific purchase
Inalsa Fiesta Lx 650 W Food Processor(White),Inalsa Fiesta,3.574229691876751,5039.0,357,"Just wow! Fabulous! Mind blowing Machine with all in(Mixing, Chopping, Grinding) Wow product Super awesome Mixing, Grinding, chopping FANTASTIC. Shredding not so GREAT Unsatisfactory Just okay Value-for-money Value-for-money"
Inalsa Inox 1000 1000 W Food Processor(Silver:Black),Inalsa Inox,4.06,9050.0,100,Terrific purchase Utterly Disappointed Delightful Simply awesome Perfect product! Worth the money Good quality product Bad service Perfect product! Worth every penny
Inalsa Inox 1000 Plus 1000 W Food Processor(Black/Silver),Inalsa Inox,4.461538461538462,11595.0,26,Must buy! Terrific purchase Highly recommended Worth every penny Awesome Terrific Super! Good choice Very Good Pretty good
Inalsa Maxie Marvel 800 W Food Processor(White),Inalsa Maxie,3.8333333333333335,6029.0,30,Perfect product! Terrific purchase Just wow! Overpriced Great product Wonderful Pretty good Great product Could be way better Good
Inalsa Maxie Premia 800 W Food Processor(Grey PU Spray Painted),Inalsa Maxie,3.3,7909.0,10,Good worth it Horrible Does the job Worthless Super! Very useful product Good Awesome Slightly disappointed Wonderful
Inalsa Verve 800W Food Processor with 100% Pure Copper Motor| 2 Multipurpose Jar,Inalsa Verve,3.7916666666666665,6495.0,24,Good quality product Mind-blowing purchase Fair Bad quality Worst experience ever! Not good Excellent Utterly Disappointed Mind-blowing purchase Just wow!
Inalsa Wonder Maxie Plus 700 W Food Processor(White),Inalsa Wonder,3.7,5919.0,10,Food processor means Inalsa Really Nice Nice product Over all good product Good quality product Moderate Don't waste your money Met some expectations Classy product Mind-blowing purchase
Inalsa fiesta 650 W Food Processor(White),Inalsa fiesta,3.69,5390.0,100,"Just wow! Fabulous! Mind blowing Machine with all in(Mixing, Chopping, Grinding) Wow product Super awesome Mixing, Grinding, chopping FANTASTIC. Shredding not so GREAT Unsatisfactory Just okay Value-for-money Value-for-money"
Infinix 10W Quick Charger combo for Infinx devices (MicroUSB - Cable Included)??,Infinix Quick,4.0359477124183005,449.0,306,Super! Mind-blowing purchase Classy product Fabulous! Wonderful Classy product Excellent Great product Good Super!
JDX Polyester Fibre Solid Cushion Pack of 5(White),JDX Polyester,4.04,448.0,100,Mind-blowing purchase Very Good Awesome Just wow! Expected a better product Must buy! Just wow! Really Nice Useless product Best in the market!
JSR Organics Kamal Seed(20 per packet),JSR Organics,4.05,127.0,100,Just wow! Worth every penny Terrific purchase Just okay Worth every penny Best in the market! Mind-blowing purchase Terrific purchase Terrific purchase Must buy!
Jagjeet 16NOALMWHITE HAND JIUCERS 0 Juicer (Silver),Jagjeet HAND,3.6440677966101696,999.0,59,Useless product Not recommended at all Pretty good Good quality product Don't waste your money Terrific purchase Hated it! Slightly disappointed Slightly disappointed Did not meet expectations
JustandKrafts 75 L Blue Laundry Basket(Cotton),JustandKrafts,3.748633879781421,298.0,183,Perfect product! Does the job Fabulous! Best in the market! Very Good Super! Nice product Super! Terrific Wonderful
K A Enterprises Solid metallic finish balloons for birthday / anniversary party ,Enterprises,3.765625,173.0,64,Wonderful Terrific purchase Wonderful Worth every penny Fair Great product Really Nice Fair Wonderful Terrific purchase
"KAYZL Manual Hand Juicer 0 Juicer (3 Jars, Green)",KAYZL Manual,3.938775510204082,399.0,98,Brilliant Excellent Great product Great product Perfect product! Terrific Best in the market! Awesome Brilliant Mind-blowing purchase
KENT 16079 - Wet Grinder Wet Grinder??(White),KENT,3.8461538461538463,4999.0,13,Perfect product and ideal!! Value-for-money Wonderful Don't waste your money Good Terrific purchase Highly recommended Nice Excellent Value-for-money
"KENT Ace 8 L RO + UV + UF + TDS Water Purifier with Mineral ROTM Technology,In-t",KENT Ace,3.935114503816794,14299.0,262,Really Nice Worth the money Highly recommended Pretty good Must buy! Delightful Decent product Good choice Brilliant Nice product
KENT Ace Extra/ Ace Alkaline 8 L RO + UV + UF + TDS Control + Alkaline + UV in T,KENT Ace,4.045553145336226,15999.0,461,Perfect product! Awesome Terrific Perfect product! Awesome Nice product Classy product Mind-blowing purchase Very Good Mind-blowing purchase
"KENT Vegetable Cleaner - Counter Top 250 W Food Processor(Silver, Black)",KENT Vegetable,4.0,2695.0,15,Great product Useless product Terrific purchase Very poor Highly recommended Delightful Fabulous! Just wow! Hated it! Terrific purchase
KJR_32 KJR_32 Analog Watch  - For Men,Analog,4.528169014084507,209.0,142,Nan Nan Nan Nan Nan Nan Nan Nan Nan Nan
KL-TECH Dth direct to home DD Free Dish Set Top Box Receiver Free to Air for (DT,Dth direct,3.3333333333333335,749.0,21,Awesome Terrific Terrific purchase Useless product Perfect product! Terrible product Terrific Worth the money Wonderful Just okay
"KUBER INDUSTRIES Shelf Organizers(Beige, Cotton)",KUBER INDUSTRIES,3.98,299.0,100,Pretty good Highly recommended Worth the money Fabulous! Just okay Mind-blowing purchase Terrific Slightly disappointed Moderate Awesome
"KUBER INDUSTRIES Shelf Organizers(Black, White, Cotton)",KUBER INDUSTRIES,3.98,199.0,100,Super! Did not meet expectations Worth every penny Wonderful Wonderful Excellent Decent product Best in the market! Decent product Fabulous!
"Kadio Analog 20 cm X 20 cm Wall Clock(Beige, With Glass, Standard)",Kadio Analog,4.010504201680672,225.0,2380,Best in the market! Simply awesome Terrific purchase Highly recommended Wonderful Very Good Must buy! Simply awesome Classy product Classy product
"Kadio Analog 20 cm X 20 cm Wall Clock(White, With Glass, Standard)",Kadio Analog,3.89,219.0,200,Best in the market! Simply awesome Terrific purchase Highly recommended Wonderful Very Good Must buy! Simply awesome Classy product Classy product
Kadio Analog Silver Clock,Kadio Analog,4.0,299.0,175,Just wow! Awesome Highly recommended Worth the money Great product Just wow! Just wow! Terrific Classy product Awesome
"Khadi Cotton Printed Black, White Men Dupatta",Khadi Cotton,4.0,299.0,10,Nan Nan Nan Nan Nan Nan Nan Nan Nan Nan
"Khatu Crafts Printed Radhakrishna Two Box Key Holder Wood Key Holder(8 Hooks, Mu",Khatu Crafts,4.2,179.0,50,Fabulous! Just okay Simply awesome Must buy! Terrific Good choice Super! Terrific Terrific purchase Really Nice
"Kindly Designer Key Holders with phone stand ,Key Hnager,Key Stand for Wall Deco",Kindly Designer,3.696969696969697,159.0,66,Must buy! Decent product Terrific purchase Terrific purchase Awesome Worth the money Really Nice Did not meet expectations Decent product Awesome
"Kraft Seeds 7KB395XY Garden Shear, Cutter for multi purpose use with Smart Lock ",Kraft Seeds,4.583333333333333,242.0,48,Superb product Highly recommended Very Good Best in the market! Really Nice Wonderful Brilliant Classy product Mind-blowing purchase Wonderful
"Kraft Seeds Combo Pack of Cultivation with Heavy Duty Claw Gloves, Multicolour G",Kraft Seeds,4.611111111111111,369.0,90,Best in the market! Mind-blowing purchase Great product Wonderful Awesome Just wow! Great product Worth every penny Highly recommended Great product
Krishna Creation Laptop table 1004 Wood Portable Laptop Table (Finish Color - Bl,Krishna Creation,3.8947368421052633,499.0,19,Super! Fabulous! Good quality product Simply awesome Horrible Great product Not good Highly recommended Pretty good Best in the market!
"LA VERNE Floral Double Mink Blanket for  Heavy Winter(Woollen Blend, Multi 2)",VERNE Floral,2.7083333333333335,549.0,24,Worth the money Brilliant Horrible Very Good Great product Simply awesome Terrible product Brilliant Terrific Great product
LA VERNE Microfibre Stripes Cushion Pack of 3(White),VERNE Microfibre,4.31864406779661,379.0,1770,Brilliant Classy product Just okay Excellent Slightly disappointed Value-for-money Pretty good Brilliant Bad quality Simply awesome
LA VERNE Microfibre Stripes Cushion Pack of 5(White),VERNE Microfibre,4.31,449.0,200,Brilliant Classy product Just okay Excellent Slightly disappointed Value-for-money Pretty good Brilliant Bad quality Simply awesome
"LA VERNE Self Design Double Mink Blanket for  Heavy Winter(Woollen Blend, Grey)",VERNE Self,3.2214285714285715,549.0,140,Brilliant Simply awesome Good choice Moderate Wonderful Utterly Disappointed Very Good Worth every penny Awesome Best in the market!
"LA VERNE Self Design Double Mink Blanket for  Heavy Winter(Woollen Blend, Pink)",VERNE Self,3.779220779220779,549.0,77,Worth every penny Classy product Must buy! Simply awesome Perfect product! Fair Horrible Classy product Worth every penny Not recommended at all
LACT ENTERPRISE LACT FOLDABLE 4 BLADE LED LIGHT 36 WATT WHITE PACK OF 1 Ceiling ,LACT ENTERPRISE,3.1153846153846154,248.0,52,Super! Utterly Disappointed Waste of money! Wonderful Terrific purchase Worthless Nice Unsatisfactory Worst experience ever! Terrible product
LCS-8188 TRENDING DAY & DATE FUNCTIONING Analog Watch  - For Men,TRENDING DAY,4.28,299.0,200,Nan Nan Nan Nan Nan Nan Nan Nan Nan Nan
"LEADER Scout 26T SEA Blue BLACK for Ride 26 T Mountain Cycle(Single Speed, Blue,",LEADER Scout,4.1,4499.0,300,Value-for-money Unsatisfactory Wonderful Good quality product Good choice Just wow! Good quality product Just okay Nice product Super!
LEADER TORFIN 26T MTB Bicycle without Gear Single Speed with FS DD Brake 26 T Mo,LEADER TORFIN,4.433333333333334,6499.0,300,Best in the market! Just wow! Must buy! Must buy! Brilliant Terrific Wonderful Mind-blowing purchase Highly recommended Highly recommended
LEADER XTREME 26T REAR SUSPENSION FOR MTB RIDER 26 T Mountain Cycle(Single Speed,LEADER XTREME,3.6,6299.0,100,Terrific purchase Waste of money! Unsatisfactory Highly recommended Worth every penny Great product Good quality product Terrific purchase Fabulous! Must buy!
"LG 20 L Solo Microwave Oven(MS2043DB, Black)",Other,4.351351351351352,5990.0,296,Delightful Fabulous! Pretty good Excellent Product Extremely Quick Delivery Value-for-money Good choice Best in the market! VERY GOOD PRODUCT Classy product Highly recommended
LG DFB424FP Free Standing 14 Place Settings Intensive Kadhai Cleaning| No Pre-ri,Free,4.583333333333333,52990.0,36,Simply awesome Worth every penny Terrific purchase Brilliant Wonderful Wonderful Slightly disappointed Highly recommended Classy product Bad quality
LG DFB424FW Free Standing 14 Place Settings Intensive Kadhai Cleaning| No Pre-ri,Free,4.3076923076923075,50999.0,13,Really Nice Terrific purchase Decent product Did not meet expectations Wonderful Mind-blowing purchase Classy product Fabulous! Excellent Terrific purchase
LICAN 301 Steel Coat Pack of 12 Hangers For  Coat(Steel),LICAN Steel,3.57,156.0,200,Wonderful Did not meet expectations Value-for-money Great product Does the job Terrific purchase Fair Absolute rubbish! Unsatisfactory Excellent
LIFESTYLEGURU Shower Laser Light(Ball Diameter: 12 cm),LIFESTYLEGURU Shower,3.245614035087719,175.0,57,Awesome Terrific Nice Bad quality Fabulous! Highly recommended Excellent Best in the market! Perfect product! Did not meet expectations
LIMETRO STEEL Pack of 36 Stainless Steel Stainless Steel Dinner Set (Laser Print,LIMETRO STEEL,4.530612244897959,1639.0,49,Highly recommended Fabulous! Mind-blowing purchase Terrific Worth the money Really Nice Highly recommended Brilliant Very Good Slightly disappointed
LIVPURE LIV-PEP-PRO-PLUS+ 7 L RO + UV + UF Water Purifier with Taste Enhancer(Wh,LIVPURE,4.476923076923077,8199.0,390,Decent product Worth the money Best in the market! Have a look at description for details Nice Great Product! Value-for-money GOOD QUALITY WATER FILTER Excellent service from Flipkart Terrific purchase The Power of Livpure Pep Pro+ technology is Most innovative
LS2727 Avatar Day and Date Functioning Crocodile Strap Analog Analog Watch  - Fo,Avatar Day,4.875,284.0,8,Nan Nan Nan Nan Nan Nan Nan Nan
LS2734 Wolf Gents Exclusive Mesh Strap Analog Analog Watch  - For Men,Wolf Gents,4.293103448275862,209.0,290,Nan Nan Nan Nan Nan Nan Nan Nan Nan Nan
LS2821 Bleed Blue Day and Date Functioning Strap Adult Quartz Analog Watch  - Fo,Bleed Blue,4.198275862068965,299.0,232,Nan Nan Nan Nan Nan Nan Nan Nan Nan Nan
LS2917 Mesh Strap All Black Avatar Day and Date Functioning Quartz Analog Watch ,Mesh Strap,5.0,299.0,2,Nan Nan
LUMINA PLUS LED LIGHTING Metal E26/E27 Pendant Ceiling Hanging Lights Lamp (Blac,LUMINA PLUS,3.925,797.0,40,Really Nice Great product Does the job Good choice Fair Worthless Very poor Awesome Good quality product Must buy!
LUMINOUS Eco Watt Neo 1050 Square Wave Inverter,LUMINOUS Eco,4.34,5959.0,50,Wonderful Wonderful Wonderful Terrific purchase Nice Mind-blowing purchase Good quality product Really Nice Could be way better Best in the market!
LUMINOUS Power Sine 800 Pure Sine Wave Inverter,LUMINOUS Power,4.122302158273381,4699.0,139,Simply awesome Must buy! Must buy! Delightful Delightful Value-for-money Worth every penny Wonderful Does the job Bad quality
LUMINOUS Vento Dlx 150 mm 5 Blade Exhaust Fan(White),LUMINOUS Vento,3.9307692307692306,1448.0,130,Classy product Must buy! Terrific purchase Pretty good Highly recommended Very Good Very Good Must buy! Just wow! Best in the market!
LUMINOUS ZELIO+ 1100/12V (E-comm) Pure Sine Wave Inverter,LUMINOUS,4.1756440281030445,7299.0,427,Brilliant Great Inverter Worth every penny Terrific Perfect product! Delightful Nice product Highly recommended Simply awesome Nice product
LURAGS Diamond natural brown set of 6 stumps with bails(Brown),LURAGS Diamond,4.12,469.0,100,Simply awesome Great product Really Nice Fabulous! Just okay Great product Good Good Delightful Terrific purchase
Lakshmi ez Wet Grinder??(Maroon),Lakshmi Wet,3.5483870967741935,3746.0,31,Good Grinder Nice product Pretty good Good quality product Absolute rubbish! Super! Perfect product! Hated it! Waste of money! Brilliant
Lenovo IdeaPad 3 Celeron Dual Core - (8 GB/256 GB SSD/Windows 11 Home) 81WQ00MQI,Lenovo IdeaPad,4.096774193548387,27490.0,31,Just okay Highly recommended Classy product Excellent Could be way better Absolute rubbish! Does the job Worth every penny Worst experience ever! Decent product
Lenovo IdeaPad 3 Ryzen 5 Hexa Core 5500U - (8 GB/512 GB SSD/Windows 11 Home) 15A,Lenovo IdeaPad,4.299319727891157,46999.0,147,Wonderful Value-for-money Terrific purchase Terrific Pretty good Value-for-money Simply awesome Value-for-money Terrific purchase Brilliant
Lenovo IdeaPad Gaming Core i5 11th Gen - (8 GB/512 GB SSD/Windows 11 Home/4 GB G,Lenovo IdeaPad,4.252631578947368,59990.0,190,Fabulous! Classy product Pretty good Classy product Really Nice Simply awesome Classy product Worth every penny Fabulous! Wonderful
"Lifelong Falcon 26 T with Disc Brake and Suspension , Matte Black 26 T Road Cycl",Lifelong Falcon,4.1,8999.0,30,Good choice Terrific Terrific purchase Bad quality Highly recommended Nice product Perfect product! Decent product Worthless Slightly disappointed
Lighthouse 3 Lights Round Cluster Chandelier Black Diamond Hanging Pendant Light,Lighthouse Lights,4.51,719.0,100,Terrific Fabulous! Terrific Wonderful Highly recommended Must buy! Good quality product Fabulous! Nice Perfect product!
Loafers For Men??(Black),Loafers For,3.77734375,299.0,256,Nan Nan Nan Nan Nan Nan Nan Nan Nan Nan
"Logitech G213 / Lightsync RGB, Spill-resistant, Palm-rest, Customizable Keys Wir",Logitech,4.651515151515151,3595.0,66,Excellent Fabulous! Simply awesome Nice product Fabulous! Brilliant Best in the market! Perfect product! Worth every penny Simply awesome
"Lopezs Microfiber Floor Mat(Grey-23mm, Medium)",Lopezs Microfiber,4.9523809523809526,229.0,21,Highly recommended Terrific purchase Terrific Mind-blowing purchase Fabulous! Great product Terrific Excellent Excellent Best in the market!
"MAGICAL Floral Single Mink Blanket for  Heavy Winter(Microfiber, Brown)",MAGICAL Floral,3.64,499.0,200,Terrific purchase Could be way better Wonderful Worth the money Mind-blowing purchase Great product Highly recommended Good quality product Mind-blowing purchase Does the job
"MAHARAJA WHITELINE 65 L Desert Air Cooler??(White, Grey, Rambo Grey / AC-303)",MAHARAJA WHITELINE,4.123076923076923,7999.0,780,Wonderful Good quality product Awesome Excellent Great product Highly recommended Awesome Decent product Fabulous! Very satisfactory
MAHARAJA WHITELINE Fortune FP - 102 600 W Food Processor(White & Mystic Blue),MAHARAJA WHITELINE,2.7,4219.0,10,item looking good but it was not full as describe in detail Very bad product Really Nice Absolute rubbish! NICE FOOD PROCESSOR Low quality product The best product for Flipkart Poor Very poor Worst experience ever!
"MAHARAJA WHITELINE Mark1 Classic / JE-106 _ 450 W Juicer (1 Jar, Red, White)",MAHARAJA WHITELINE,4.181818181818182,2709.0,11,Very poor Best in the market! Simply awesome Awesome Value-for-money Excellent Super! Very bad. It got burnt from the inside after 2 times. Great product Perfect product!
MANGALAM Camphor Tablet 100g Jar - Pack of 1,MANGALAM Camphor,4.41,195.0,400,Wonderful Fabulous! Nice product Classy product Good choice Brilliant Worth the money Simply awesome Classy product Terrific purchase
"MANTAVYA Green Juicer New Model Hand Juicer Grinder 0 W Juicer (1 Jar, Green)",MANTAVYA Green,3.795918367346939,501.0,98,Brilliant Brilliant Highly recommended Wonderful Decent product Value-for-money Wonderful Fabulous! Hated it! Good
"METRO LIVING 104 TC Cotton Double Animal Flat Bedsheet(Pack of 1, Pink)",METRO LIVING,3.787012987012987,409.0,385,Must buy! Nice product Fabulous! Great product Highly recommended Mind-blowing purchase Good choice Value-for-money Best in the market! Good quality product
"MILTON Thermosteel Flip Lid 500 ml Flask(Pack of 1, Silver, Steel)",MILTON Thermosteel,4.451067040310412,648.0,9278,Awesome Excellent Great product Best in the market! Great product Terrific purchase Perfect product! Mind-blowing purchase great buy Nice
MOOZMOB Shower Laser Light(Ball Diameter: 3 cm),MOOZMOB Shower,3.5675675675675675,178.0,37,Very Good Simply awesome Great product Must buy! Brilliant Moderate Very poor Super! Simply awesome Very poor
MOTOROLA 8 kg Smart Wi-Fi Enabled Inverter Technology Fully Automatic Top Load G,MOTOROLA,4.210616438356165,16990.0,584,Awesome Mind-blowing purchase Terrific purchase Terrific Perfect product! Good quality product Mind-blowing purchase Expected a better product Must buy! Just wow!
"MOTOROLA AmphisoundX Atom with HDMI Arc 120 W Bluetooth Soundbar(Black, 2.1 Chan",MOTOROLA AmphisoundX,4.46,5499.0,200,Brilliant Must buy! Good quality product Slightly disappointed Best in the market! Just wow! Just wow! Hated it! Just wow! Does the job
"MOTOROLA AmphisoundX Dolby with HDMI Arc 120 W Bluetooth Soundbar(Metallic Grey,",MOTOROLA AmphisoundX,4.466666666666667,6499.0,60,Excellent Wonderful Mind-blowing purchase Best in the market! Brilliant Perfect product! Great product Super! Must buy! Best in the market!
"MOTOROLA MOTODW12PS Free Standing 12 Place Settings with UV Sterilisation, Flexi",MOTOROLA Free,4.5,26990.0,22,Terrific purchase Just wow! Nice product Good choice Terrific purchase Simply awesome Perfect product! Excellent Just okay Terrific
MRF (SIZE-6) TANNIS WOODEN KASHMERI POPULER WILLOW Poplar Willow Cricket  Bat(0.,MRF TANNIS,3.5925925925925926,302.0,27,Must buy! Excellent Not recommended at all Terrific purchase Unsatisfactory Terrific purchase Simply awesome Utterly Disappointed Nice Terrific
MRF ENDORSED | for Light/Hard Tennis Ball [with Cover] | Full Size (SH) Natural ,MRF ENDORSED,3.387978142076503,499.0,183,Wonderful Mind-blowing purchase Terrific Perfect product! Simply awesome Terrific purchase Worth the money Terrific purchase Mind-blowing purchase Wonderful
"MSB FAB Maroon Velvet Carpet(150 cm,  X 210 cm, Rectangle)",MSB FAB,3.062937062937063,369.0,143,Terrible product Just wow! Simply awesome Unsatisfactory Not good Terrible product Not recommended at all Just wow! Worst experience ever! Unsatisfactory
MSI Core i5 11th Gen - (8 GB/512 GB SSD/Windows 10 Home/4 GB Graphics/NVIDIA GeF,MSI Core,4.468852459016394,63600.0,305,Great product Good quality product Highly recommended Must buy! Very Good Brilliant Very Good Value-for-money Classy product Just wow!
MSI GF63 Thin Core i5 11th Gen - (8 GB/512 GB SSD/Windows 11 Home/4 GB Graphics/,MSI Thin,4.405405405405405,51990.0,37,Fair Delightful Classy product Nice product Simply awesome Good choice Best in the market! Super! Delightful Simply awesome
MVL 10W Led Ceiling down light white pack of 20 Recessed Ceiling Lamp(White),MVL Led,4.090909090909091,1898.0,22,Does the job Best in the market! Useless product Value-for-money Does the job Best in the market! Terrific purchase Good quality product Wonderful Wonderful
MVL 9W 7-in-1 Roun LED Conceal Panel Down Light Colour Changing Light (Red/Blue/,MVL,3.8727272727272726,597.0,55,Nice Awesome Not good Value-for-money Highly recommended Awesome Value-for-money Excellent Fabulous! Mind-blowing purchase
Magic Balloons Solid Birthday Decorations - 95Pcs Silver Happy Birthday Foil Bal,Magic Balloons,3.75,310.0,100,Just wow! Classy product Perfect product! Super! Simply awesome Value-for-money Perfect product! Worth every penny Wonderful Very poor
Magic Balloons Solid Happy Birthday Balloon Set Of 35 Balloons 1 Happy Birthday ,Magic Balloons,3.52,193.0,100,Worth every penny Good choice Best in the market! Really Nice Simply awesome Good choice Terrific Nice product Good choice Super!
"MamaEarth Skin Illuminate Face Cream, for skin brightening, with Vitamin C and T",MamaEarth Skin,4.127586206896551,237.0,290,Fair Excellent Just wow! Highly recommended Classy product Terrible product Don't waste your money Utterly Disappointed Bad quality Awesome
MamaEarth Skin Illuminate Face Serum for Radiant Skin with Vitamin C & Turmeric(,MamaEarth Skin,3.908809891808346,314.0,647,Simply awesome Delightful Worth every penny Good Perfect product! Worst experience ever! Expected a better product Don't waste your money Absolute rubbish! Horrible
Manogyam Soft Comfortable Heel silicone Gel Set 2 Pieces Shoe Heel Protector Pai,Manogyam Soft,3.8210526315789473,59.0,95,Good Really Nice Very poor Terrific purchase Very poor Waste of money! Does the job Good choice Very Good Just wow!
MarQ by Flipkart 11-Litre 11AOTMQBU Oven Toaster Grill (OTG) with Bake Tray(Blue,MarQ Flipkart,3.980769230769231,1899.0,52,Perfect product! Classy product Value-for-money Mind-blowing purchase Value-for-money Worth every penny Really Nice Awesome Excellent Unsatisfactory
MarQ by Flipkart 18-Litre 18L1200W4HL Oven Toaster Grill (OTG) with 4 Skewers an,MarQ Flipkart,4.407985028072364,2499.0,1603,Worth every penny Wonderful Fabulous! Brilliant Wonderful Wonderful Brilliant Pretty good Delightful Brilliant
MarQ by Flipkart 33-Litre 33AOTMQB Oven Toaster Grill (OTG) with 4 Skewers and I,MarQ Flipkart,4.290697674418604,3499.0,344,Terrific purchase Not good Simply awesome Good quality product Nice Fabulous! Pretty good Waste of money! Good choice Highly recommended
MarQ by Flipkart 8 kg 5 Star Engineered with Panasonic Technology Fully Automati,MarQ Flipkart,4.236024844720497,14790.0,483,Very poor Fabulous! Excellent Must buy! Wonderful Utterly Disappointed Awesome Good Very Good Classy product
Mayne Exceed Helicopter With Remote Control Charging Helicopter Toys For Boys??(,Mayne Exceed,3.0,369.0,200,Fabulous! Excellent Brilliant Excellent Utterly Disappointed Best in the market! Waste of money! Awesome Hated it! Terrific
Mayne Exceed Helicopter With Remote Control Charging Helicopter Toys for Boys Ye,Mayne Exceed,2.9,369.0,20,Waste of money! Utterly Disappointed Utterly Disappointed Terrific purchase Very Good Worst experience ever! Nice product Excellent Expected a better product Fair
Mayne Exceed Helicopter With Remote Control Charging Helicopter Toys for Girls B,Mayne Exceed,3.5,369.0,14,Worst experience ever! Don't waste your money Not recommended at all Just wow! Nice product Could be way better Must buy! Value-for-money Good choice Perfect product!
Mayne Flying Remote Control RC Induction Type 2-in-1 Indoor Outdoor Helicopter??,Mayne Flying,3.018181818181818,369.0,220,Delightful Must buy! Just okay Must buy! Wonderful Just okay Very Good Wonderful Mind-blowing purchase Classy product
Medaline 250 Watt Ultra Thin Slim Ip66 LED Flood Outdoor Light Cool White Waterp,Medaline Watt,2.4901960784313726,565.0,51,Did not meet expectations Unsatisfactory Just wow! Waste of money! Terrible product Useless product Expected a better product Hated it! Super! Super!
"Men & Women Black Canvas, Fabric Belt",Men Women,4.297297297297297,180.0,37,Nan Nan Nan Nan Nan Nan Nan Nan Nan Nan
Men 9325 Latest Collection Stylish Sports Sneakers Running Shoes Running Shoes F,Men Latest,3.6336336336336337,299.0,999,Nan Nan Nan Nan Nan Nan Nan Nan Nan Nan
Men Black Sandal,Men Black,2.9292237442922375,299.0,876,Nan Nan Nan Nan Nan Nan Nan Nan Nan Nan
Men Blue Genuine Leather Wallet - Mini??(6 Card Slots),Men Blue,3.4682926829268292,499.0,205,Nan Nan Nan Nan Nan Nan Nan Nan Nan Nan
Men Blue Sandal,Men Blue,3.388888888888889,799.0,54,Nan Nan Nan Nan Nan Nan Nan Nan Nan Nan
Men Brown Sandal,Men Brown,3.5,434.0,138,Nan Nan Nan Nan Nan Nan Nan Nan Nan Nan
Men Cargos,Men Cargos,3.636,423.395,2000,Nan Nan Nan Nan Nan Nan Nan Nan Nan Nan
Men Casual Brown Artificial Leather Money Clip - Mini??(8 Card Slots),Men Casual,4.455813953488372,159.0,430,Nan Nan Nan Nan Nan Nan Nan Nan Nan Nan
Men Casual Brown Artificial Leather Wallet - Mini??(5 Card Slots),Men Casual,4.268674698795181,199.0,830,Nan Nan Nan Nan Nan Nan Nan Nan Nan Nan
Men Checkered Double Breasted Formal Blazer??(Blue),Men Checkered,2.7,2999.0,10,Nan Nan Nan Nan Nan Nan Nan Nan Nan Nan
Men Checkered Single Breasted Formal Blazer??(Dark Blue),Men Checkered,3.6,3249.0,15,Nan Nan Nan Nan Nan Nan Nan Nan Nan Nan
Men Checkered Single Breasted Formal Blazer??(Grey),Men Checkered,4.875,3315.6666666666665,24,Nan Nan Nan Nan Nan Nan Nan Nan Nan Nan
Men Checkered Single Breasted Formal Blazer??(Multicolor),Men Checkered,3.0,4366.0,47,Nan Nan Nan Nan Nan Nan Nan Nan Nan Nan
"Men Formal, Casual Blue Artificial Leather Wallet - Regular Size??(8 Card Slots)",Men Casual,4.310280373831776,280.0,535,Nan Nan Nan Nan Nan Nan Nan Nan Nan Nan
Men Graphic Print Round Neck Black T-Shirt,Men Graphic,3.4955383700178464,269.0,1681,Nan Nan Nan Nan Nan Nan Nan Nan Nan Nan
Men Graphic Print Round Neck White T-Shirt,Men Graphic,3.520376175548589,269.0,319,Nan Nan Nan Nan Nan Nan Nan Nan Nan Nan
Men LPMXT-800 Grey Clogs Sandal,Men Grey,4.120300751879699,519.0,931,Nan Nan Nan Nan Nan Nan Nan Nan Nan Nan
Men Printed Bandhgala Party Blazer??(Multicolor),Men Printed,3.4166666666666665,1782.0,72,Nan Nan Nan Nan Nan Nan Nan Nan Nan Nan
Men Regular Fit Black Cotton Blend Trousers,Men Regular,3.7916941331575478,409.0,1517,Nan Nan Nan Nan Nan Nan Nan Nan Nan Nan
Men Self Design Single Breasted Casual Blazer??(Brown),Men Self,3.7,3479.0,10,Nan Nan Nan Nan Nan Nan Nan Nan Nan Nan
Men Self Design Single Breasted Casual Blazer??(Maroon),Men Self,3.857142857142857,2999.0,14,Nan Nan Nan Nan Nan Nan Nan Nan Nan Nan
Men Self Design Single Breasted Casual Blazer??(Yellow),Men Self,4.742857142857143,3199.0,35,Nan Nan Nan Nan Nan Nan Nan Nan Nan Nan
Men Self Design Single Breasted Formal Blazer??(Beige),Men Self,4.533333333333333,4199.0,15,Nan Nan Nan Nan Nan Nan Nan Nan Nan Nan
Men Self Design Single Breasted Formal Blazer??(Dark Blue),Men Self,4.5,3249.0,12,Nan Nan Nan Nan Nan Nan Nan Nan Nan Nan
Men Slim Fit Black Cotton Blend Trousers,Men Slim,3.4522821576763487,499.0,482,Nan Nan Nan Nan Nan Nan Nan Nan Nan Nan
Men Solid Double Breasted Casual Blazer??(Blue),Men Solid,4.785714285714286,3039.0,28,Nan Nan Nan Nan Nan Nan Nan Nan Nan Nan
Men Solid Double Breasted Casual Blazer??(Grey),Men Solid,4.666666666666667,3039.0,24,Nan Nan Nan Nan Nan Nan Nan Nan Nan Nan
Men Solid Single Breasted Casual Blazer??(Black),Men Solid,3.8141025641025643,1530.4102564102564,156,Nan Nan Nan Nan Nan Nan Nan Nan Nan Nan
Men Solid Single Breasted Casual Blazer??(Blue),Men Solid,3.663157894736842,1836.6842105263158,95,Nan Nan Nan Nan Nan Nan Nan Nan Nan Nan
Men Solid Single Breasted Casual Blazer??(Grey),Men Solid,4.742857142857143,3199.0,35,Nan Nan Nan Nan Nan Nan Nan Nan Nan Nan
Men Solid Single Breasted Casual Blazer??(Orange),Men Solid,4.742857142857143,3199.0,35,Nan Nan Nan Nan Nan Nan Nan Nan Nan Nan
Men Solid Single Breasted Casual Blazer??(Purple),Men Solid,4.742857142857143,3039.0,35,Nan Nan Nan Nan Nan Nan Nan Nan Nan Nan
"Men Solid Single Breasted Casual, Festive & Wedding Blazer??(Light Blue)",Men Solid,4.136363636363637,1699.0,44,Nan Nan Nan Nan Nan Nan Nan Nan Nan Nan
"Men Solid Single Breasted Casual, Festive, Festive & Wedding, Formal, Party, Wed",Men Solid,3.981651376146789,1529.0,109,Nan Nan Nan Nan Nan Nan Nan Nan Nan Nan
"Men Solid Single Breasted Casual, Festive, Formal, Festive & Wedding, Party, Wed",Men Solid,4.061224489795919,1529.0,98,Nan Nan Nan Nan Nan Nan Nan Nan Nan Nan
"Men Solid Single Breasted Casual, Formal, Festive & Wedding, Party Blazer??(Dark",Men Solid,4.105263157894737,1727.0,19,Nan Nan Nan Nan Nan Nan Nan Nan Nan Nan
"Men Solid Single Breasted Casual, Wedding Blazer??(Black)",Men Solid,3.888235294117647,1471.0,170,Nan Nan Nan Nan Nan Nan Nan Nan Nan Nan
Men Solid Single Breasted Festive & Wedding Blazer??(Blue),Men Solid,3.1,1719.0,70,Nan Nan Nan Nan Nan Nan Nan Nan Nan Nan
"Men Solid Single Breasted Festive, Party, Wedding Blazer??(Black)",Men Solid,3.8728813559322033,1839.0,472,Nan Nan Nan Nan Nan Nan Nan Nan Nan Nan
Men Solid Single Breasted Formal Blazer??(Black),Men Solid,3.642857142857143,3249.0,28,Nan Nan Nan Nan Nan Nan Nan Nan Nan Nan
Men Solid Single Breasted Formal Blazer??(Blue),Men Solid,3.411764705882353,3749.0,17,Nan Nan Nan Nan Nan Nan Nan Nan Nan Nan
Men Solid Single Breasted Formal Blazer??(Dark Blue),Men Solid,4.384615384615385,4899.0,26,Nan Nan Nan Nan Nan Nan Nan Nan Nan Nan
Men Solid Single Breasted Formal Blazer??(Grey),Men Solid,3.625,1867.75,32,Nan Nan Nan Nan Nan Nan Nan Nan Nan Nan
Men Solid Single Breasted Formal Blazer??(Maroon),Men Solid,3.5,1747.0,10,Nan Nan Nan Nan Nan Nan Nan Nan Nan Nan
"Men Solid Single Breasted Formal, Wedding Blazer??(Black)",Men Solid,4.8125,2299.0,32,Nan Nan Nan Nan Nan Nan Nan Nan Nan Nan
"Men Solid Single Breasted Formal, Wedding Blazer??(Blue)",Men Solid,4.8125,2299.0,96,Nan Nan Nan Nan Nan Nan Nan Nan Nan Nan
"Men Solid Single Breasted Formal, Wedding Blazer??(Brown)",Men Solid,4.8125,2199.0,32,Nan Nan Nan Nan Nan Nan Nan Nan Nan Nan
"Men Solid Single Breasted Party, Formal Blazer??(Blue)",Men Solid,3.966666666666667,4079.0,30,Nan Nan Nan Nan Nan Nan Nan Nan Nan Nan
"Men Solid Single Breasted Wedding, Casual, Festive Blazer??(Blue)",Men Solid,3.925925925925926,749.0,27,Nan Nan Nan Nan Nan Nan Nan Nan Nan Nan
Men Woven Single Breasted Casual Blazer??(Black),Men Woven,4.1923076923076925,4499.0,26,Nan Nan Nan Nan Nan Nan Nan Nan Nan Nan
"Mi 10W Fast Charger combo for Mi,Redmi,Xiomi devices (MicroUSB - Cable Included)",Fast,4.54,499.0,50,Good Wonderful Must buy! Excellent Wonderful Wonderful Wonderful Fair Terrific Awesome
"Mi 18W Quick Charger for Mi,Redmi,Xiomi devices??(Black)",Quick,4.470588235294118,499.0,119,Nice product Perfect product! Highly recommended Perfect product! Moderate Really Nice Must buy! Terrific purchase Mind-blowing purchase Delightful
"Mi 22.5W Quick Charger combo for Mi,Redmi,Xiomi devices (Type C- Cable Included)",Quick,4.446666666666666,649.0,300,Does the job Wonderful Wonderful Best in the market! Just wow! Value-for-money Nice Highly recommended Brilliant Awesome
"Mi 3i 10000 mAh Power Bank (Fast Charging, 18W)(Blue, Lithium Polymer)",Other,4.261216350947159,1149.0,2006,Highly recommended Awesome Classy product Just wow! Highly recommended Good choice Must buy! Absolute rubbish! Nice product Good quality product
"Mi 4A Wireless MU-MIMO Gigabit 1200 Mbps Router??(White, Dual Band)",Wireless,3.924,1565.0,250,Very Good Pretty good Great product Awesome Does the job Worth the money Nice Super! Highly recommended Best in the market!
Mi 5A 80 cm (32 inch) HD Ready LED Smart Android TV with Dolby Audio (2022 Model,Other,4.1519274376417235,13999.0,2205,Terrific purchase Awesome Very Good Delightful Nice product Terrific Highly recommended Great product Highly recommended Excellent
Mi Box 4k Media Streaming Device??(Black),Box,4.416666666666667,3999.0,48,Works Perfectly with CRT TV. No better option than this. Mind-blowing purchase Brilliant Good quality product Does the job Waste of money! Mind-blowing purchase Highly recommended Terrific purchase Just wow!
Mi TV Stick with Built in Chromecast??(Black),Stick,3.175675675675676,2999.0,148,Mind-blowing purchase Awesome Awesome Brilliant Worthless Awesome Terrific Excellent Worth the money Terrific
Microtek MTKAA70H Microtek EB 700 Square Wave Inverter,Microtek Microtek,4.211538461538462,4199.0,260,Awesome Very Good Great product Best in the market! Perfect product! Must buy! Good quality product Terrific purchase Classy product Brilliant
Microtek MTKAC90H Super Power Digital UPS Model 900 (12V) DG 800VA Square Wave I,Microtek Super,4.0933014354066986,5079.0,418,Simply awesome Delightful Wonderful Classy product Terrific Awesome Wonderful Just wow! Fabulous! Classy product
Microtek MTKBD11S Pure Sine Wave Inverter Pure Sine Wave Inverter,Microtek Pure,4.253731343283582,6195.0,268,Wonderful Best in the market! Wonderful Good choice always Terrific purchase Nice product Delightful Excellent better than su kam Wonderful 8 hrs backup for what capacity battery?
"Midea TORRINO,WQP12-5201F Free Standing 13 Place Settings Intensive Kadhai Clean",Midea Free,4.131578947368421,25990.0,190,"Just wow! Met Expectations, Clean Dishes, Low Noise, Economical Best in the market! Excellent Terrific purchase Worth every penny Excellent Super! Terrific purchase Wonderful"
Midea WQP8-3802D Free Standing 8 Place Settings Intensive Kadhai Cleaning| No Pr,Midea Free,3.736842105263158,18990.0,19,Fabulous! Mind-blowing purchase Mind-blowing purchase Terrific Fabulous! Terrific Terrific Hated it! Awesome Does the job
Miss & Chief by Flipkart Chargeable 3D Remote Control Lighting Famous Car for 3+,Miss Chief,3.925,599.0,40,Worth every penny Terrific Highly recommended Great product Awesome Fair Wonderful Fabulous! Best in the market! Best in the market!
"Mivi Fort S100 with 2 in-built subwoofers, Made in India 100 W Bluetooth Soundba",Mivi Fort,4.060869565217391,4999.0,230,Nice product Best in the market! Classy product Fabulous! Perfect product! Just wow! Fabulous! Awesome Perfect product! Unsatisfactory
"Mivi Fort S16 Soundbar with 2 full range drivers, Made in India 16 W Bluetooth S",Mivi Fort,4.4625,1499.0,400,Brilliant Worth every penny Best in the market! Classy product Best in the market! Classy product Simply awesome Awesome Perfect product! Terrific purchase
"Mivi Fort S24 Soundbar with FM Mode and 2 full range drivers, Made in India 24 W",Mivi Fort,3.9940119760479043,1999.0,668,Terrific Super! Just wow! Great product Pretty good Must buy! Excellent Classy product Worst experience ever! Mind-blowing purchase
Moonstruck SEABREEZE DELUX COMBO PACK mixer and iron 550 watt 550 Juicer Mixer G,Moonstruck SEABREEZE,4.8,1614.0,20,Perfect product! Best in the market! Simply awesome Best in the market! Brilliant Wonderful Good quality product Excellent Wonderful Wonderful
NARV Pack of 5 Stainless Steel Stainless Steel Copper Bottom Cooking Serving Pot,NARV Pack,3.933333333333333,599.0,60,Mind-blowing purchase Value-for-money Good Wonderful Simply awesome Simply awesome Awesome Best in the market! Good choice Mind-blowing purchase
"NEELAM KAVA002 Metal Desk Chair(Finish Color - RED, Pre-assembled)",NEELAM Metal,2.7,629.0,10,Just wow! Moderate Decent product Brilliant Very poor Did not meet expectations Worthless Nice product Wonderful Did not meet expectations
NEFI WiFi Wireless Display Dongle 1080P Wireless HDMI Screen Mirror WiFi Dongle ,NEFI WiFi,2.933333333333333,834.0,30,Not good Great product Perfect product! Did not meet expectations Absolute rubbish! Don't waste your money Must buy! Did not meet expectations Wonderful Slightly disappointed
"NEUDOT RELISH Engineered Wood Computer Desk(Straight, Finish Color - TEAK, Knock",NEUDOT RELISH,4.612244897959184,4715.0,98,Highly recommended Nice product Best in the market! Excellent Simply awesome Really Nice Wonderful Highly recommended Best in the market! Great product
NGI STORE Multipurpose laptop table Wood Portable Laptop Table(Finish Color - BL,NGI STORE,4.07,555.0,100,Just wow! Not recommended at all Best in the market! Simply awesome Very Good Best in the market! Worth the money Wonderful Does the job Wonderful
"NISE RLDO-500, Trendy & Stylish , Made of MDF engineered wood Desk Chair(Finish ",NISE Trendy,3.48,3035.0,25,Brilliant Good choice Best in the market! Just okay Must buy! Fabulous! Decent product Awesome Value-for-money Super!
"NIVEA Soft Light Moisturizer for Face, Hand & Body, Non-Sticky Cream with Vitami",NIVEA Soft,4.461956521739131,142.0,920,Delightful Just wow! Highly recommended Perfect product! Just okay Terrific purchase Terrific Worth the money Nice product Excellent
"NIVIA Storm Football - Size: 5(Pack of 1, Multicolor)",NIVIA Storm,4.091009988901221,429.0,1802,Excellent Value-for-money Wonderful Must buy! Mind-blowing purchase Good quality product Brilliant Best in the market! Great product Awesome
NOVA Submersible NIH 426 Instant Heat 1500 W Immersion Heater Rod??(water),NOVA Submersible,4.457746478873239,404.0,142,Mind-blowing purchase Terrific purchase Terrific purchase Excellent Mind-blowing purchase Value-for-money Super! Horrible Classy product Classy product
NOVA Submersible NIH 430-05 1500 W Immersion Heater Rod??(Water),NOVA Submersible,4.197707736389685,494.0,349,Worth every penny Terrific Classy product Simply awesome Fabulous! Wonderful Highly recommended Classy product Delightful Great product
New Combo Of Square Dial Black and White Silicone Strap Analog Watch  - For Men,New Combo,4.46,287.0,100,Nan Nan Nan Nan Nan Nan Nan Nan Nan Nan
Nextron NX-AE100 Voltage Stabilizer for Smart LED TV for 32/43/55 inchs+Set Top ,Nextron Voltage,4.426229508196721,1142.0,61,Excellent Super! Perfect product! Awesome Super! Best in the market! Awesome Worth every penny Good quality product Must buy!
"Nilkamal Plastic Chair(Finish Color - PINK, Pre-assembled)",Nilkamal Plastic,4.4375,513.0,80,Great product Awesome Simply awesome Worthless Good Super! Simply awesome Awesome Highly recommended Terrific purchase
"Noise ColorFit Icon 2 1.8 Display, Bluetooth Calling, AI Voice Assistance Smartw",Noise ColorFit,4.316091954022989,2199.0,348,Excellent Simply awesome Excellent Delightful Good quality product Brilliant Highly recommended Fabulous! Worth every penny Brilliant
Nova Plus Amaze NI 10 1100 W Dry Iron??(Grey & Turquoise),Nova Plus,4.618556701030927,494.0,97,Classy product Perfect product! Wonderful Just wow! Highly recommended Awesome Worth the money Terrific Terrific Worth every penny
OLIVETTI PR2 Ribbon Pack Of 10 Black Ink Cartridge,OLIVETTI Ribbon,4.3,1199.0,10,Fabulous! Perfect product! Very poor Brilliant Just wow! Delightful Awesome Super! Brilliant Does the job
OURASI 3D Illusion LED Light Night Lights for 7 Colors Led Changing Lighting Bed,OURASI Illusion,3.97,199.0,100,Not good Terrific Classy product Unsatisfactory Nice product Great product Just wow! Worst experience ever! Classy product Wonderful
Omi Cart 2 in 1 Floor Brush Scrubber with Long Handle Plastic(Green),Omi Cart,4.875,299.0,16,Just wow! Just okay Classy product Worth every penny Awesome Simply awesome Super! Terrific Fabulous! Best in the market!
"Ostrich HARD PLASTIC CRICKET COMBO PACK FOR 8 YEARS JUNIOURS( 1 BAT SIZE 3, WICK",Ostrich HARD,4.163636363636364,409.0,55,Good choice Classy product Great product Fair Excellent Must buy! Highly recommended Terrific Just wow! Super!
PAPILON 10 Shades Of Liquid Food Color (20 Ml X 10 Bottle) Multicolor(20 ml),PAPILON Shades,4.61,220.0,100,Value-for-money Great product Value-for-money Simply awesome Really Nice Best in the market! Great product Terrific Simply awesome Good quality product
PAPILON 6 Shades Of Liquid Food Color (20 Ml X 6 Bottle) Multicolor(120 ml),PAPILON Shades,4.675,160.0,40,Terrific Brilliant Delightful Mind-blowing purchase Terrific Brilliant Nice product Just wow! Does the job Wonderful
PAPILON EMULSION PACK OF 6 BOTTLES 20ML EACH Mixed Fruit Liquid Food Essence(120,PAPILON EMULSION,4.291666666666667,173.0,72,Classy product Perfect product! Super! Good quality product Waste of money! Classy product Really Nice Excellent Terrible product Value-for-money
PARTY BREEZE Solid Golden and blue Happy Birthday Decoration Combo Kit with Bann,PARTY BREEZE,4.090909090909091,225.0,11,Wonderful Worth the money Great product Must buy! Mind-blowing purchase Brilliant Great product Very Good Terrible product Terrific
PARTY BREEZE Solid rose gold pink white Happy Birthday Decoration Combo Kit with,PARTY BREEZE,4.07,160.0,100,Wonderful Highly recommended Brilliant Awesome Just wow! Good choice Wonderful Super! Does the job Brilliant
PEDPIX PED EWD 60*46 /3 Shelf/Set Top Box Shelf Stand/TV Panel / Cabinet for Hom,PEDPIX PED,4.3,1799.0,10,Terrific purchase Terrific Just wow! Wonderful Just okay Highly recommended Unsatisfactory Perfect product! Awesome Great product
PF With Pickfully Cotton Solid Chair Pad Pack of 2(Blue),With Pickfully,4.5625,160.0,16,Very Good Mind-blowing purchase Brilliant Just wow! Very Good Mind-blowing purchase Just okay Mind-blowing purchase Terrific purchase Highly recommended
"PHILIPS Citrus Press / HR2777 / 00_ 25 Juicer (1 Jar, Black)",PHILIPS Citrus,4.315789473684211,1383.0,57,Very Good Worth every penny Highly recommended Delightful Wonderful Awesome Mind-blowing purchase Fair Just okay Must buy!
"PHILIPS GC523/60 1600 W Garment Steamer??(Gold, Water)",PHILIPS,3.6,8499.0,10,Worth every penny Worst steamer  Useless product Good quality product Highly recommended Worth the money Highly recommended Great product Absolute rubbish! Terrific purchase
PHILIPS HL1661/00 700 W Food Processor(White),PHILIPS,2.4,7499.0,10,Wonderful Decent product Good choice Terrible product Useless product Unsatisfactory Value-for-money Bad quality Horrible Unsatisfactory
"PHILIPS HR1832/00 500 W Juicer (1 Jar, Ink Black)",PHILIPS,4.3814935064935066,6498.0,616,Compact Good quality product Great Product :) Must buy! Value for the money Super! Good quality product Classy product gorgeous juicer that works wonders!!!!!! So little juice and so much of waste.
PHILIPS HR7627/00 650 W Food Processor(White),PHILIPS,4.109243697478991,4319.0,119,Best for Cooking Value-for-money Fabulous! Fabulous! Fabulous! Classy product Mind-blowing purchase Could be way better Wonderful Terrible product
"PHILIPS MMS8085B/94 Convertible 80 W Bluetooth Home Theatre(Black, 2.1 Channel)",PHILIPS Convertible,4.185215272136475,6999.0,1231,Worth every penny Wonderful Best in the market! Just wow! Terrific purchase Highly recommended Brilliant Best in the market! Good quality product Fabulous!
"PHILIPS by Phlips HR1887/81 150 Juicer (1 Jar, White)",PHILIPS Phlips,3.962962962962963,13049.0,27,Worth the money Good choice Classy product Fair Don't waste your money Must buy! Best in the market! Very poor Moderate Excellent
PHILIPS by philips HL7577/00 VIVA COLLECTION 600 Juicer (Multicolor),PHILIPS philips,3.6964285714285716,3268.0,56,Slightly disappointed Wonderful Super! Did not meet expectations Very Good Good quality product Mind-blowing purchase Waste of money! Awesome Slightly disappointed
PHILIPS hl 1660 700 W Food Processor(White),PHILIPS,3.3846153846153846,7999.0,13,food processor Hated it! Bad product Did not meet expectations Really Nice Fabulous! Fair Terrific Does the job Good quality product
PLAY MP1-A Smart WIFI 3D 4k Full HD LED Recently Launched Android 8.0 Projector|,PLAY Smart,4.214285714285714,13703.0,42,Best in the market! Simply awesome Best in the market! Awesome Mind-blowing purchase Waste of money! Brilliant Highly recommended Terrific Terrific
PMW Karakkaya - Harad - Aralu - Inknut - Haritaki - Kadukkai - Harar - Terminali,PMW Karakkaya,4.0,163.0,45,Nice product Awesome Very Good Good choice Nice product Really Nice Good choice Expected a better product Very poor Not good
"POCO C31 (Royal Blue, 64 GB)??(4 GB RAM)",POCO,4.013506753376689,7499.0,1999,Good choice Awesome Terrific Perfect product! Does the job Super! Classy product Pretty good Hated it! Classy product
"POOJA Maroon PP (Polypropylene) Area Rug(53 cm,  X 153 cm, Rectangle)",POOJA Maroon,2.6451612903225805,295.0,93,Waste of money! Useless product Could be way better Very poor Waste of money! Worst experience ever! Useless product Don't waste your money Did not meet expectations Could be way better
"POOWEREST Carbon Steel Collapsible Wardrobe(Finish Color - BLUE, DIY(Do-It-Yours",POOWEREST Carbon,3.0377358490566038,495.0,53,Don't waste your money Hated it! Simply awesome Excellent Worth the money Fabulous! Fair Excellent Worst experience ever! Useless product
"PRO365 LED Magic Night Lamp Night Lamp(12 cm, Multicolor)",LED Magic,4.684210526315789,279.0,19,Nice Really Nice Super! Mind-blowing purchase Awesome Awesome Fabulous! Must buy! Very Good Perfect product!
PRO365 Uplight Wall Lamp With Bulb,Uplight Wall,4.33,199.0,100,Wonderful Wonderful Good quality product Terrific Must buy! Nice product Highly recommended Great product Does the job Great product
"PUHBRHY Steel Electric Meat Grinders for Kitchen Food Chopper, Meat, Vegetables,",PUHBRHY Steel,4.357142857142857,1220.0,28,Worth every penny Utterly Disappointed Great product Classy product Brilliant Worth every penny Excellent Simply awesome Decent product Super!
"Pack of 2 Printed Men Dark Blue, Blue Bermuda Shorts",Pack,4.191666666666666,460.0,120,Nan Nan Nan Nan Nan Nan Nan Nan Nan Nan
"Pack of 2 Solid Men Black, Blue Casual Shorts",Pack,4.377777777777778,319.0,360,Nan Nan Nan Nan Nan Nan Nan Nan Nan Nan
"Pack of 2 Solid Men Dark Grey, Grey Casual Shorts",Pack,4.253155159613957,319.0,1347,Nan Nan Nan Nan Nan Nan Nan Nan Nan Nan
Pack of 3 Solid Men Multicolor Bermuda Shorts,Pack,3.601156069364162,395.0,173,Nan Nan Nan Nan Nan Nan Nan Nan Nan Nan
Party clue Printed Happy Birthday Combo 61 Pcs Birthday Banner Golden Curtain Co,Party clue,2.75,249.0,16,Worthless Worst experience ever! Terrific Worthless Waste of money! Very poor Not recommended at all Unsatisfactory Simply awesome Decent product
"Pearl World Fabric Sofa(Finish Color - Glossy, Pre-assembled)",Pearl World,4.1,678.0,10,Great product Just okay Classy product Excellent Moderate Nice product Nice Wonderful Perfect product! Highly recommended
Pearl World Soft Plush Cushion Baby Sofa Seat or Rocking Chair for Kids - Best b,Pearl World,3.0422535211267605,474.0,71,Pretty good Nice product Classy product Terrible product Delightful Simply awesome Highly recommended Fair Did not meet expectations Fair
Pediasure Complete Balanced Nutrition to Help Kids Grow Nutrition Drink(2x0.5 kg,Pediasure Complete,4.52,1278.0,100,Pretty good Super! Best in the market! Great product Value-for-money Good choice Fabulous! Must buy! Terrific Nice
Pick Ur Needs 1 LEDs 0.15 m Multicolor Rice Lights(Pack of 1),Pick Needs,4.095238095238095,399.0,21,Terrific purchase Perfect product! Awesome Slightly disappointed Wonderful Must buy! Worth every penny Fabulous! Worth every penny Worth every penny
Pick Ur Needs Bluetooth LED Bulb Colourful Built-in Audio Speaker Music Player W,Pick Needs,4.2727272727272725,399.0,11,Brilliant Highly recommended Super! Super! Terrific purchase Classy product Simply awesome Excellent Terrific Not recommended at all
"Pigeon Favourite 15024 500 W Juicer Mixer Grinder (4 Jars, White)",Pigeon Favourite,3.219409282700422,2099.0,237,Really Nice Very Good Wonderful Did not meet expectations Brilliant Classy product Just wow! Waste of money! Terrible product Did not meet expectations
"Pigeon Favourite Electric Kettle??(1.5 L, Silver, Black)",Pigeon Favourite,3.887174028738691,699.0,1879,Pretty good Brilliant Value-for-money Fabulous! Awesome Very Good Just wow! Terrific purchase Utterly Disappointed Super!
"Pigeon Glory 550 W Mixer Grinder (Multicolor, 3 Jars) with IB 3 Ltr Pressure Coo",Pigeon Glory,3.4069767441860463,2995.0,86,Mind-blowing purchase Best in the market! Just okay Terrific purchase Really Nice Very Good Good Did not meet expectations Fabulous! Best in the market!
Pigeon Supremo Wet Grinder??(Cherry Red),Pigeon Supremo,3.8,3399.0,95,Super! Classy product Brilliant Brilliant Must buy! Excellent Just wow! Super! Waste of money! Great product
Ponmani Nano Tech Wet Grinder??(Multicolor),Ponmani Nano,4.25,3999.0,20,Just wow! Worth every penny The best at the price point Terrific purchase Wonderful Could be way better Worthless Really Nice Just wow! Simply awesome
Ponmani Power Plus Tilting Wet Grinder??(Red),Ponmani Power,4.266666666666667,8699.0,30,Simply awesome Fabulous! Simply awesome Brilliant Simply awesome Must buy! Decent product Good quality product Classy product Perfect product!
Ponmani Power Wet Grinder??(Red),Ponmani Power,4.1,7499.0,10,Fabulous! Wonderful Easy to grind..!! Very poor Fair Excellent Good quality product Must buy! Value-for-money Best in the market!
Portronics 20 W 3 A Mobile Charger Adapto 45 with Dual Port Fast Charger??(White,Portronics,4.2631578947368425,343.0,19,Does the job Classy product Terrific purchase Mind-blowing purchase Perfect product! Not recommended at all Best in the market! Delightful Highly recommended Awesome
Portronics POR-122 MODESK Universal Mobile Holder (Black) Mobile Holder,Portronics MODESK,4.165,127.0,200,Best in the market! Classy product Decent product Terrific purchase Mind-blowing purchase Must buy! Just wow! Classy product Excellent Just wow!
Preethi Iconic WG-908 Wet Grinder??(Pink),Preethi Iconic,4.325,9799.0,40,Good choice Mind-blowing purchase Very Good Brilliant Just wow! Very Good Worth the money Worthless Moderate Bad quality
"Preethi WG 907 Wet Grinder??(Purple, White, Silver)",Preethi,3.875,7079.0,24,Good Terrific Delightful Just okay Brilliant Really Nice Super! Nice product Just wow! Just wow!
Preethi WG-905 Wet Grinder??(Purple),Preethi Wet,3.413793103448276,5149.0,29,Mind-blowing purchase Best in the market! Nice product Worst experience ever! Just okay Classy product Mind-blowing purchase Not good Good choice Good choice
Prerana Microfibre Solid Cushion Pack of 5(White),Prerana Microfibre,2.663157894736842,258.0,190,Very poor Highly recommended Worthless Must buy! Good Fair Utterly Disappointed Hated it! Super! Worst experience ever!
"Prestige Atlas Delight Electric Rice Cooker??(1.8 L, Blue)",Prestige Atlas,3.15,2399.0,100,Mind-blowing purchase Terrific purchase Very Good Good quality product Value-for-money Simply awesome Terrific purchase Fabulous! Horrible Delightful
Prestige CleanHome Fruit and Vegetable Cleaner (P0Z 1.0 ) 230 Volts Food Process,Prestige CleanHome,4.351851851851852,2695.0,108,Excellent Need of these days. Value-for-money An investment in health Terrific purchase Pretty good Decent product Must buy! Just wow! Value-for-money
"Prestige PRWO 1.8-2 Electric Rice Cooker with Steaming Feature??(1.8 L, White)",Prestige PRWO,2.77,2454.0,100,Worth every penny Terrific purchase Terrific Terrific purchase Wonderful Wonderful Absolute rubbish! Great product Awesome Good choice
Prestige PWG 07 Wet Grinder??(Black),Prestige PWG,3.8766233766233764,4330.0,154,Super! Best in the market! Just wow! Just wow! Wonderful Must buy! Wonderful Wonderful Nice Don't waste your money
Prestige PWG 08 Wet Grinder??(Black),Prestige PWG,3.54,4000.0,100,Classy product Nice product Must buy! Terrific Worthless Simply awesome Worthless Waste of money! Worthless Did not meet expectations
Prestige PWG 09 Wet Grinder with Timer??(Black),Prestige PWG,3.6792452830188678,5300.0,53,Terrific purchase Brilliant Great product Hated it! Slightly disappointed Not good Highly recommended Expected a better product Super! Great product
"Prestige Plus Atlas 750 W Juicer Mixer Grinder (4 Jars, Blue, White)",Prestige Plus,4.043141592920354,3249.0,904,Classy product Nice Brilliant Just wow! Best in the market! Nice Delightful Fabulous! Perfect product! Super!
PrintStar 12A / Q2612A Compatible Toner Cartridge For Hp1005 Canon 2900B Black I,PrintStar,2.29,489.0,100,Great product Very poor Very poor Excellent Just wow! Horrible Don't waste your money Absolute rubbish! Very poor Don't waste your money
Printed Men Three Fourths,Printed Men,4.107334525939177,377.3550983899821,1118,Nan Nan Nan Nan Nan Nan Nan Nan Nan Nan
Pureit Advanced Plus RO+MF+MP 7 L RO + MF Water Purifier(Black),Pureit Advanced,4.5732323232323235,7799.0,396,Mind-blowing purchase Highly recommended Classy product Great product Very Good Terrific purchase Very Good Highly recommended Unsatisfactory Hated it!
Pureit Max Water Saver 10 L RO + UV + MF Water Purifier with Eco Recovery Techno,Pureit Max,4.0,13999.0,290,Perfect product! Terrific Terrible product Utterly Disappointed Just wow! Good quality product Horrible Hated it! Mind-blowing purchase Worth every penny
"QUANTUM QHM9850 Mechanical Keyboard Wired USB Gaming Keyboard(Grey, Black)",QUANTUM Mechanical,4.565217391304348,1499.0,23,Terrific purchase Perfect product! Excellent Simply awesome Terrific purchase Awesome Mind-blowing purchase Must buy! Terrific Good choice
Qozent Hand Gloves For Kitchen Dish Washing Combo- Reusable Rubber Silicon House,Qozent Hand,3.06,199.0,100,Worth every penny Just wow! Delightful Not recommended at all Useless product Very Good Bad quality Good Don't waste your money Unsatisfactory
Qubo Outdoor Cam by HERO GROUP IP65 1080p Full HD CCTV with Intruder Alarm Syste,Qubo Outdoor,3.4615384615384617,2990.0,182,Satisfied with the camera Good Experience Must buy! Good product by Hero Good set of features Super! Mind-blowing purchase Best in the market! Best in the market! Worth every penny
Qubo Smart Cam 360 Q100 by HERO GROUP 1080p FHD WiFi CCTV with Intruder Alarm Sy,Qubo Smart,4.3173076923076925,2390.0,104,Good Camera by Hero Good choice Best in the market! Super! Terrific Super! Excellent product from Qubo Wonderful Did not meet expectations Simply awesome
Qubo Smart Cam 360 by HERO GROUP 1080p Full HD WiFi CCTV with Intruder Alarm Sys,Qubo Smart,3.574468085106383,2490.0,47,Mind-blowing purchase at this Price Point Wonderful Awesome Terrific purchase Slightly disappointed Hated it! Mind-blowing purchase Excellent Awesome Must buy!
"RATNA'S Plastic Chair(Finish Color - BLUE, Pre-assembled)",Plastic,3.576923076923077,849.0,52,Awesome Just okay Expected a better product Fair Terrific purchase Worth every penny Nice product Fabulous! Excellent Good choice
"RATNA'S Plastic Chair(Finish Color - GREEN, Pre-assembled)",Plastic,3.576923076923077,849.0,52,Awesome Just okay Expected a better product Fair Terrific purchase Worth every penny Nice product Fabulous! Excellent Good choice
"RATNA'S Plastic Chair(Finish Color - Pink, DIY(Do-It-Yourself))",Plastic,3.84,849.0,50,Decent product Best in the market! Just wow! Highly recommended Terrific Unsatisfactory Really Nice Does the job Best in the market! Really Nice
"RBGIIT Latex Rubber Pink Special Dish Kitchen Platform Washing,Home Bathroom Gar",RBGIIT Latex,3.790909090909091,169.0,110,Don't waste your money Utterly Disappointed Delightful Absolute rubbish! Moderate Fabulous! Expected a better product Wonderful Expected a better product Must buy!
RBGIIT Pack of 8 Stainless Steel Stainless Steel Copper Bottom Cooking & Serving,RBGIIT Pack,3.885,650.0,200,Awesome Just okay Nice Worth every penny Wonderful Must buy! Good Moderate Horrible Very Good
RBGIIT Silicon Dish Washing Gloves For Kitchen Scrubbing Pet Grooming Car Bathro,RBGIIT Silicon,4.25,169.0,16,Terrific Absolute rubbish! Did not meet expectations Classy product Super! Good quality product Worth the money Worth the money Simply awesome Excellent
"RIAN Animal Single Mink Blanket for  Mild Winter(Polyester, Brown, Grey)",RIAN Animal,4.162374821173104,599.0,1398,Good quality product Terrific purchase Best in the market! Delightful Good choice Brilliant Moderate Terrific Simply awesome Fabulous!
RIYUZONE Silicone Body Scrub Belt And Mild Exfoliator Scrub Pad(Medium),RIYUZONE Silicone,2.9767441860465116,149.0,86,Very poor Worthless Don't waste your money Moderate Utterly Disappointed Must buy! Terrific Fabulous! Expected a better product Good choice
"ROYAL TREND Fabric Sofa(Finish Color - Pink, Pre-assembled)",ROYAL TREND,3.54,464.0,100,Fabulous! Terrific purchase Does the job Mind-blowing purchase Really Nice Fabulous! Brilliant Super! Wonderful Awesome
RPM Euro Games Gaming Keyboard and Mouse Combo | Keyboard - With 7 Color Backlit,RPM Euro,4.05,999.0,100,Terrific Nice product Wonderful Brilliant Great product Really Nice Nice product Very Good Excellent Nice product
"RSV Jewelery Organizers(Red, Black, Plastic)",RSV Jewelery,4.8,299.0,10,Really Nice Excellent Terrific Very Good Wonderful Classy product Awesome Highly recommended Best in the market! Terrific purchase
"RSV Jewelery Organizers(Red, Plastic)",RSV Jewelery,4.49,204.0,100,Worth every penny Awesome Simply awesome Nice product Terrific Just okay Pretty good Mind-blowing purchase Great product Good quality product
Realistic Store Printed Happy Birthday Multi Dot Foil Letter Balloon With HD Mul,Realistic Store,4.17,233.0,100,Worth every penny Simply awesome Just wow! Perfect product! Perfect product! Wonderful Awesome Brilliant Worth every penny Very Good
Realistic Store Solid Happy Birthday Decoration Kit Combo - 53 Pcs Birthday Bann,Realistic Store,4.111111111111111,214.0,72,Worth every penny Simply awesome Simply awesome Perfect product! Expected a better product Don't waste your money Worth every penny Wonderful Terrific purchase Must buy!
RedShell High Quality 2000 W Shock Proof Immersion Heater Rod??(Water),RedShell High,4.3310344827586205,290.0,290,Absolute rubbish! Awesome Awesome Fair Nice Worth the money Super! Fair Excellent Terrific
RedShell SmartBuy ISI Mark Shock-Proof & Water-Proof 2000 W Immersion Heater Rod,RedShell SmartBuy,4.291666666666667,399.0,48,Best in the market! Very Good Must buy! Mind-blowing purchase Mind-blowing purchase Terrific Wonderful Terrific purchase Worth every penny Slightly disappointed
"Revital Men Multivitamin with Calcium, Zinc & Ginseng for Immunity, Strong Bones",Revital Men,4.376666666666667,240.0,300,Terrible product Perfect product! Really Nice Brilliant Great product Must buy! Terrific purchase Highly recommended Worth the money Worst experience ever!
"RinkiHF Blue Acrylic Carpet(132 cm,  X 183 cm, Rectangle)",RinkiHF Blue,4.06,299.0,100,Does the job Worth every penny Just wow! Great product Fair Super! Worth the money Terrible product Good choice Just okay
Rixen Cricket Net 20x10 Feet Cricket Net(Blue),Rixen Cricket,3.75,349.0,80,Highly recommended Awesome Must buy! Classy product Best in the market! Classy product Delightful Worst experience ever! Nice product Utterly Disappointed
"Riyahandlooms Cotton Floor Mat(Blue, Large, Pack of 2)",Riyahandlooms Cotton,2.655,189.0,200,Does the job Useless product Absolute rubbish! Utterly Disappointed Delightful Worthless Nice Horrible Best in the market! Very poor
Rock Crawler Waterproof Remote Controlled Rock Crawlerr RC Monster Truck (Blue)?,Rock Crawler,2.6538461538461537,1249.0,26,Classy product Terrific purchase Best in the market! Good toy. Worst experience ever! Bad quality Worthless Must buy! Just okay Very poor
"Rudra creations Metal Desk Chair(Finish Color - Blue, DIY(Do-It-Yourself))",Rudra creations,3.3,645.0,10,Very poor Brilliant Slightly disappointed Classy product Must buy! Highly recommended Bad quality Wonderful Worthless Just okay
"S . K Store Carbon Steel Collapsible Wardrobe(Finish Color - Black, DIY(Do-It-Yo",Other,3.1133333333333333,655.0,300,Mind-blowing purchase Really Nice Wonderful Best in the market! Wonderful Great product Must buy! Awesome Worth every penny Super!
SAISWAR OXO Bio deagradable Dustbin garbage cover medium pack of 3 (19X21)inch b,SAISWAR OXO,3.1333333333333333,176.0,120,Wonderful Must buy! Super! Best in the market! Not recommended at all Value-for-money Decent product Really Nice Hated it! Worst experience ever!
SAMSUNG 198 L Direct Cool Single Door 4 Star Refrigerator with Base Drawer(Camel,SAMSUNG,4.158088235294118,16490.0,272,Fabulous! Mind-blowing purchase Perfect product! Must buy! Perfect product! Classy product Moderate Excellent Just wow! Great product
"SAMSUNG 23 L Solo Microwave Oven(MS23A301TAK, Black)",SAMSUNG,4.162921348314606,6099.0,178,Excellent Super! A perfect Deepawali Gift for my Mom Brilliant Perfect solo m/w for solely reheating Terrific Brilliant Terrific purchase Super! Worth every penny
"SAMSUNG 253 L Frost Free Double Door 3 Star Refrigerator(Elegant Inox, RT28A3453",SAMSUNG,4.528662420382165,24490.0,1727,Worth the money Mind-blowing purchase Just wow! Value-for-money Pretty good Great product Fabulous! Wonderful Just okay Best in the market!
"SAMSUNG 28 L Convection & Grill Microwave Oven(MC28A5013AK, Black)",SAMSUNG,4.2372093023255815,10890.0,430,Excellent Highly recommended Excellent Terrific purchase Fabulous! Classy product Awesome Worth the money Amazing! Brilliant
"SAMSUNG 28 L Convection Microwave Oven(MC28A5025VP, Black with Pattern)",SAMSUNG,4.578947368421052,14190.0,38,Excellent Very Good Best in the market! Must buy! Classy product Mind-blowing purchase Simply awesome Worth every penny Best in the market! Perfect product!
SAMSUNG DW60M5042FS/TL Free Standing 13 Place Settings Dishwasher,SAMSUNG Free,3.533333333333333,29390.0,15,Great product Wonderful Not good Very poor Good choice Did not meet expectations Excellent Wonderful Perfect product! Brilliant
SAMSUNG DW60M5042FW/TL Free Standing 13 Place Settings Dishwasher,SAMSUNG Free,3.8,33990.0,10,Horrible Just wow! Wonderful Decent product Great product Just okay Worth the money Best in the market! Fair Wonderful
SAMSUNG EVO Plus 64 GB MicroSDXC Class 10 95 MB/s  Memory Card(With Adapter),SAMSUNG EVO,4.424212106053027,649.0,1999,Simply awesome Classy product Great product Must buy! Classy product Mind-blowing purchase Brilliant Fair Mind-blowing purchase Perfect product!
"SAMSUNG Original 25W , USB -C Compatible Power Adaptor for all Samsung Devices (",SAMSUNG Original,3.988235294117647,1299.0,170,Really Nice Good quality product Fabulous! Just wow! Highly recommended Really Nice Wonderful Just wow! Mind-blowing purchase Moderate
"SB 30 W 4 A Mobile 30W -VOOC,DART,FLASH with Type-C Cable Charging Adapter Trave",Other,3.142857142857143,399.0,14,Wonderful Great product Utterly Disappointed Nice product Pretty good Worth every penny Worth every penny Nice product Unsatisfactory Not good
"SB 33 W 4 A Mobile 33W -VOOC,DART,FLASH DH561 with Type-C Cable Charging Adapter",Other,3.658536585365854,399.0,41,Excellent Terrific purchase Decent product Good Must buy! Does the job Terrible product Terrible product Pretty good Waste of money!
"SHF Cotton Door Mat(Multicolor, Medium, Pack of 5)",SHF Cotton,4.293333333333333,194.0,300,Brilliant Brilliant Wonderful Super! Simply awesome Best in the market! Fair Excellent Does the job Awesome
"SHF Cotton Floor Mat(Multicolor, Medium, Pack of 5)",SHF Cotton,4.247272727272727,199.0,275,Mind-blowing purchase Wonderful Terrific purchase Mind-blowing purchase Must buy! Brilliant Really Nice Simply awesome Terrific purchase Mind-blowing purchase
"SHF Velvet Door Mat(Multicolor, Large, Pack of 5)",SHF Velvet,3.36,160.0,200,Excellent Classy product Great product Mind-blowing purchase Worth every penny Terrific purchase Good quality product Worth every penny Did not meet expectations Perfect product!
"SIE STORE Solid Single Comforter for  Mild Winter(Microfiber, Maroon & Grey)",SIE STORE,3.53125,901.0,32,Does the job Excellent Awesome Worth the money Nice product Very Good Worth the money Brilliant Did not meet expectations Good quality product
SMBT Anti Theft System Security Pad Lock with Burglar Smart Alarm Siren Motion S,SMBT Anti,4.555555555555555,388.0,18,Must buy! Perfect product! Terrific purchase Mind-blowing purchase Decent product Awesome Value-for-money Wonderful Perfect product! Perfect product!
"SOS JOVO IP Dual Antenna Wi-Fi CCTV CAMERA Wireless, HD IP Security Camera CCTV,",SOS JOVO,4.2,1449.0,10,Nice product Wonderful Mind-blowing purchase Good Delightful Great product Terrific Perfect product! Must buy! Useless product
"SPANGLE Printed King Mink Blanket for  Heavy Winter(Microfiber, Maroon)",SPANGLE Printed,3.96,840.0,200,Wonderful Wonderful Highly recommended Wonderful Terrific Bad quality Mind-blowing purchase Worth the money Awesome Worth every penny
SQUARO ONLINE STORE Unbreakable Setup Box stand/WiFi Router/DTH Telephone/Mobile,SQUARO ONLINE,4.6875,228.0,32,Super! Mind-blowing purchase Perfect product! Terrific Worth the money Best in the market! Super! Very Good Must buy! Just okay
"SQUICKLE Magic Silicone Dish Washing Gloves, Silicon Cleaning Gloves, Silicon Ha",SQUICKLE Magic,3.913793103448276,199.0,58,Worth every penny Just wow! Horrible Simply awesome Don't waste your money Wonderful Terrific Just okay Just okay Delightful
SSTOYS 3D Fast Modern Car??(Multicolor),SSTOYS Fast,3.2225806451612904,260.0,310,Worth the money Terrific Value-for-money Just okay Worth every penny Wonderful Nice Terrific purchase Good Brilliant
SUJATA POWERMANIC WITH ALUMINIUM BASED COMMERCIAL JUG POWERMATIC 900 Juicer (1 J,SUJATA POWERMANIC,4.7368421052631575,5499.0,19,Wonderful Great product Brilliant Classy product Classy product Worth the money Nice product Highly recommended Value-for-money Simply awesome
"SUJATA by SUJATA Powermatic 900 W Juicer (1 Jar, White)",SUJATA SUJATA,4.47,5190.0,200,Super! Classy product Awesome best juicer Great product Decent product Brilliant Wonderful Great product Great product
SUMITRA ENTERPRISES Soft Plush Cushion Baby Sofa Seat or Rocking Chair for Kids ,SUMITRA ENTERPRISES,3.9,495.0,100,Good choice Did not meet expectations Great product Perfect product! Just wow! Terrific purchase Wonderful Good quality product Worst experience ever! Best in the market!
SUPRIMO mixer/juicer/grinder combo 3 jar 750 watt STAR-J3 750 Juicer Mixer Grind,SUPRIMO combo,4.574468085106383,1329.0,47,Awesome Terrific Terrific purchase Classy product Horrible Fabulous! Wonderful Brilliant Simply awesome Awesome
"SUSI Jewelery Organizers(Red, Plastic)",SUSI Jewelery,4.6,283.0,170,Terrific purchase Terrific Terrific Just okay Simply awesome Mind-blowing purchase Classy product Must buy! Brilliant Worth the money
SUSI Small plant growth Grow Bag,SUSI Small,4.043478260869565,399.0,23,Perfect product! Classy product Wonderful Wonderful Classy product Could be way better Good choice Simply awesome Great product Worth the money
"SUSI by SUSI Jewelery Organizers(Green, Plastic)",SUSI SUSI,4.52,173.0,100,Best in the market! Best in the market! Pretty good Simply awesome Fabulous! Excellent Terrific purchase Classy product Perfect product! Highly recommended
"SUSI by SUSI Jewelery Organizers(White, Black, Plastic)",SUSI SUSI,4.3,206.0,10,Classy product Very Good Super! Highly recommended Awesome Simply awesome Slightly disappointed Fair Must buy! Good quality product
"Sai Store Light Blue Cotton Carpet(150 cm,  X 210 cm, Rectangle)",Sai Store,1.6,379.0,20,Classy product Unsatisfactory Could be way better Did not meet expectations Moderate Bad quality Useless product Horrible Does the job Decent product
"Saral Home Brown Polyester Runner(45 cm,  X 120 cm, Rectangle)",Saral Home,4.7,484.0,10,Awesome Super! Delightful Super! Excellent Good quality product Brilliant Brilliant Really Nice Mind-blowing purchase
"Saral Home Grey Cotton Runner(70 cm,  X 200 cm, Rectangle)",Saral Home,4.458333333333333,872.0,24,Terrific purchase Really Nice Good choice Terrific Value-for-money Does the job Terrific purchase Fair Super! Excellent
"Saral Home Jute Door Mat(Green, Medium, Pack of 3)",Saral Home,4.49,484.0,100,Excellent Good choice Great product Terrific purchase Mind-blowing purchase Worth the money Absolute rubbish! Fair Pretty good Expected a better product
"Saral Home Microfiber Bathroom Mat(Grey, Medium)",Saral Home,3.86,387.0,100,Fabulous! Great product Could be way better Nice Brilliant Just wow! Nice Fabulous! Mind-blowing purchase Value-for-money
Sarika Enterprises Mickey Mouse Shaped Soft Plush Cushion Fabric Sofa(Finish Col,Sarika Enterprises,3.45,470.0,200,Must buy! Terrific purchase Nice Value-for-money Worth the money Worth every penny Classy product Terrific Fabulous! Did not meet expectations
Sarvatr  4 Blade Fan Shape LED Light Bulb 28W and B22 Holder with Ultra Bright (,Sarvatr Blade,2.966666666666667,259.0,30,Unsatisfactory Don't waste your money Don't waste your money Utterly Disappointed Unsatisfactory Perfect product! Don't waste your money Terrific Super! Absolute rubbish!
Sarvatr 20 Watt 4 Fan Blade Shape led Bulb Pendants Ceiling Lamp(White),Sarvatr Watt,3.3703703703703702,245.0,135,Awesome Excellent Super! Unsatisfactory Awesome Not recommended at all Value-for-money Useless product Simply awesome Nice
Scotch-Brite Plastic Dry Broom(Green),Plastic Dry,4.04,375.0,100,Nice Fair Delightful Good Perfect product! Value-for-money Nice Just wow! Highly recommended Good choice
"Scotch-Brite Silver Sparks Scrub Pad(Regular, Pack of 3)",Silver Sparks,4.533333333333333,263.0,30,Fair Wonderful Very Good Highly recommended Perfect product! Simply awesome Best in the market! Pretty good Really Nice Just wow!
"Scotch-Brite Sponge Wipe(Large, Pack of 3)",Sponge,4.438271604938271,189.0,162,Terrific Fabulous! Fabulous! Best in the market! Waste of money! Perfect product! Bad quality Mind-blowing purchase Nice Worth every penny
Scotch-Brite Twin Bucket Mop,Twin Bucket,4.205,1099.0,200,Value-for-money Worth every penny Terrific purchase Awesome Awesome Value-for-money Just wow! Best in the market! Value-for-money Pretty good
Seagate Expansion for Windows and Mac with 3 years Data Recovery Services  Porta,Seagate Expansion,4.191666666666666,4098.0,120,Fabulous! Does the job Super! Must buy! Utterly Disappointed Worth every penny Excellent Not recommended at all Waste of money! Worth the money
Seagate One Touch with Password Protection for Windows & Mac with 3 years Data R,Seagate One,4.287735849056604,5462.301886792453,1060,Must buy! Unsatisfactory Fabulous! Perfect product! Brilliant Very functional Brilliant Worth every penny Really Nice Worth the money
Self Design Men Three Fourths,Self Design,4.117529880478088,500.0,502,Nan Nan Nan Nan Nan Nan Nan Nan Nan Nan
Sheen Microfiber cleaning cloth pack of 6 Dry Cotton Cleaning Cloth(6 Units),Sheen Microfiber,3.98,251.0,100,Great product Brilliant Just wow! Fair Terrific purchase Not good Good choice Good choice Worth every penny Just okay
Sheen Wet and Dry Microfiber Cleaning Cloth(10 Units),Sheen Wet,3.84,269.0,200,Classy product Perfect product! Mind-blowing purchase Terrific Awesome Terrific Very Good Classy product Worth every penny Best in the market!
"Sheen multicolour,30cmX40cm,250GSM Dry Cotton Cleaning Cloth(12 Units)",Sheen Dry,3.3043478260869565,507.0,46,Mind-blowing purchase Worthless Highly recommended Very Good Nice product Unsatisfactory Wonderful Terrific purchase Just wow! Great product
"Shmaya Solid 3 kitty theme balloon-13 pc happy birthday banner,3 kitty foil,4 st",Shmaya Solid,4.18,279.0,100,Perfect product! Worth the money Wonderful Nice product Terrific Fabulous! Mind-blowing purchase Best in the market! Value-for-money Wonderful
Shri Mahal Antiques CL-1650 Ceiling Lamp jHHOMAR Chandelier Chandelier Ceiling L,Shri Mahal,3.98,2125.0,50,Simply awesome Classy product Really Nice Nice product Best in the market! Classy product Value-for-money Wonderful Really Nice Slightly disappointed
Shri Vasunandi Traders chandelier_jhoomar_pendent light Chandelier Ceiling Lamp(,Shri Vasunandi,3.57,505.0,100,Highly recommended Just wow! Fabulous! Best in the market! Highly recommended Highly recommended Mind-blowing purchase Fabulous! Terrific Worst experience ever!
Siemens SN26L201IN/SN256W01GI Free Standing 12 Place Settings Dishwasher,Siemens Free,4.571428571428571,45550.0,14,Simply awesome Must buy! Worth every penny Super! Wonderful Pretty good Worth every penny Awesome Really Nice Great product
"Simple Trending PP Collapsible Wardrobe(Finish Color - Navyblue, DIY(Do-It-Yours",Simple Trending,3.1166666666666667,549.0,300,Good quality product Must buy! Great product Brilliant Terrific Pretty good Worth the money Just wow! Highly recommended Useless product
Singer FM 1409 Electric Sewing Machine( Built-in Stitches 9),Singer,4.3509735396904645,8499.0,2003,Highly recommended Best in the market! Best in the market! Really Nice Perfect product! Classy product Best in the market! Really Nice Wonderful Mind-blowing purchase
"Soaring Engineered Wood Study Table(Finish Color - green, DIY(Do-It-Yourself))",Soaring Engineered,3.39,357.0,100,Terrific purchase Nice Terrific purchase Perfect product! Moderate Horrible Value-for-money Great product Waste of money! Excellent
Soaring Kids Study & Play Wooden Adjustable Folding Printed Table and Chair Set ,Soaring Kids,2.817073170731707,699.0,82,Super! Worth every penny Worth every penny Classy product Unsatisfactory Worst experience ever! Worst experience ever! Terrible product Could be way better Absolute rubbish!
Solid Men Three Fourths,Solid Men,3.306122448979592,591.9795918367347,294,Nan Nan Nan Nan Nan Nan Nan Nan Nan Nan
"Solid, Printed Men Three Fourths",Printed Men,4.151162790697675,386.0,86,Nan Nan Nan Nan Nan Nan Nan Nan Nan Nan
Sowbaghya SAWG01P Wet Grinder??(Pink),Sowbaghya Wet,4.333333333333333,4084.0,12,Worth every penny Worth every penny Just wow! Awesome Best in the market! Super! Good choice Absolute rubbish! Delightful Pretty good
"Sparrow world Dark Blue Cotton Runner(210 cm,  X 155 cm, Rectangle)",Sparrow world,4.291666666666667,699.0,24,Must buy! Highly recommended Decent product Best in the market! Super! Very poor Delightful Mind-blowing purchase Worth every penny Really Nice
Spherix Plain White PVC ID Cards For InkJet Printers - Set of 230 Single Color I,Spherix Plain,3.7,999.0,10,Fabulous! Nice product Terrific Perfect product! Waste of money! Super! Expected a better product Bad quality Mind-blowing purchase Decent product
"SpinBot BattleMods NinjaX For BGMI,PUBG,COD Free Fire  Gaming Accessory Kit(Blac",SpinBot BattleMods,4.1,749.0,10,Delightful Just wow! Fabulous! Must buy! Excellent Must buy! Simply awesome Utterly Disappointed Very poor Excellent
SportSoul Cotton Gym & Athletic Abdomen Support,SportSoul Cotton,4.159090909090909,599.0,44,Must buy! Mind-blowing purchase Worth every penny Decent product Excellent Worth every penny Classy product Wonderful Super! Brilliant
"SportSoul Cotton Gym & Athletic Abdomen Support(Black, Blue)",SportSoul Cotton,3.765625,449.0,192,Nice product Nice Good quality product Really Nice Fabulous! Terrific Unsatisfactory Value-for-money Brilliant Worth the money
SportSoul Cotton Gym & Athletic Abdomen Support(Blue),SportSoul Cotton,3.8010204081632653,346.9591836734694,392,Worth the money Highly recommended Just wow! Awesome Very Good Good choice Classy product Fabulous! Good Wonderful
"SportSoul Cotton Gym & Athletic Abdomen Support(Grey, Black)",SportSoul Cotton,4.042727272727273,249.0,1100,Worth the money Highly recommended Just wow! Awesome Very Good Good choice Classy product Fabulous! Good Wonderful
"SportSoul Cotton Gym & Athletic Abdomen Support(Grey, Blue)",SportSoul Cotton,3.9,449.0,10,Nice product Nice Good quality product Really Nice Fabulous! Terrific Unsatisfactory Value-for-money Brilliant Worth the money
SportSoul Thumb Wrap Wrist Support(Grey),SportSoul Thumb,3.8076923076923075,199.0,52,Best in the market! Really Nice Nice product Value-for-money Perfect product! Excellent Best in the market! Decent product Wonderful Does the job
Spotzero by Milton Prime Mop With Big Wheels Bucket,Spotzero Milton,4.24,1299.0,100,Expected a better product Awesome Nice product Terrific purchase Expected a better product Highly recommended Highly recommended Worth every penny Delightful Could be way better
Spotzero by Milton Prime Spin Mop,Spotzero Milton,4.382758620689655,1299.0,290,Wonderful Terrific Best in the market! Could be way better Fair Must buy! Good Quality Product Brilliant Highly recommended Super!
Spotzero by Milton Refill(Grey),Spotzero Milton,3.95,289.0,100,Must buy! Brilliant Waste of money! Worth the money Great product Just wow! Bad quality Wonderful Perfect product! Really Nice
"StarAndDaisy Plastic Study Table(Finish Color - Pink, DIY(Do-It-Yourself))",StarAndDaisy Plastic,3.727272727272727,3999.0,11,Perfect product! Perfect product! Pretty good Bad quality Simply awesome Fair Must buy! Very poor Unsatisfactory Perfect product!
Stylish Brown Sports Men Watches Multifunctional Luxury Waterproof Modern Digita,Stylish Brown,5.0,404.0,5,Nan Nan Nan Nan Nan
Sument USB Decoration Star Light Projector Light/Disco Light/Car Night Lamp Deco,Sument USB,3.22,155.0,200,Classy product Brilliant Terrific Terrific Nice Must buy! Just wow! Not recommended at all Useless product Mind-blowing purchase
Suncrown Furniture Sheesham Wood Solid Wood 2 Seater(Finish Color - Honey Finish,Suncrown Furniture,4.896551724137931,2692.0,29,Great product Mind-blowing purchase Highly recommended Awesome Fabulous! Terrific purchase Must buy! Excellent Good quality product Really Nice
Supreme Bazaar Abs Setup Box Holder Unbreakable Crystal Clear Premium Quality Se,Supreme Bazaar,4.9,254.0,10,Must buy! Brilliant Terrific purchase Fabulous! Just wow! Great product Perfect product! Great product Perfect product! Very Good
"Supreme Plastic Rocking Chair(Finish Color - Red-Yellow, DIY(Do-It-Yourself))",Supreme Plastic,3.9,949.0,10,Really Nice Great product Worth the money Great product Worth every penny Does the job Highly recommended Fair Worst experience ever! Wonderful
Swarn Bhumi Pack of 6 Stainless Steel CHHOTA BHEEM 1-6 YEARS Kid Dinner Set(Stee,Swarn Bhumi,4.175,324.0,80,Excellent Terrific purchase Classy product Good quality product Fair Wonderful Wonderful Nice Bad quality Good choice
Swastik Housewares Stainless Steel Incense Holder(Silver),Swastik Housewares,4.1,155.0,100,Terrific Excellent Very Good Good quality product Highly recommended Good quality product Brilliant Absolute rubbish! Terrific Brilliant
Synthetic Leather |Lightweight|Comfort|Summer|Trendy|Walking|Outdoor|Daily Use S,Synthetic Leather,3.9695290858725762,359.0,361,Nan Nan Nan Nan Nan Nan Nan Nan Nan Nan
Syska SSK-RDL-R-12W-6500K Ceiling Light Ceiling Lamp(White),Syska Ceiling,4.3,399.0,20,Good quality product Worth every penny Awesome Terrific purchase Nice product Highly recommended Wonderful Value-for-money Could be way better Good quality product
TERABYTE Mini HDMI TO AV UP Scaler Full HD 720/1080p Video Converter Media Strea,TERABYTE Mini,4.175,359.0,40,Awesome Excellent Delightful Super! Not good Must buy! Just okay Pretty good Very Good Super!
"THE INDIE EARTH Vitamin C Serum with Vitamin E, Turmeric, Ferulic Acid and Vegan",THE INDIE,4.095,441.0,200,Super! Fair Excellent Great product Fair Decent product Mind-blowing purchase Just wow! Mind-blowing purchase Awesome
"TITIRANGI 4 Pack 4WD Monster Truck Cars,Push and Go Toy Trucks Friction Powered ",TITIRANGI Pack,4.195454545454545,348.0,220,Very Good Brilliant Awesome Terrific purchase Delightful Terrific purchase Super! Highly recommended Fabulous! Delightful
"TITIRANGI Pack of 12) Multipurpose Kitchen Roti Napkin/Cloth, Table Duster Wiper",TITIRANGI Pack,3.3333333333333335,279.0,27,Just okay Fabulous! Good Just okay Not recommended at all Just okay Mind-blowing purchase Decent product Good quality product Not good
"TOBY Baby desk, kids study table and chair height adjustable Metal Desk Chair(Fi",TOBY Baby,4.0,3661.0,10,Fabulous! Terrific purchase Worst experience ever! Fair Very poor Simply awesome Worth every penny Brilliant Fabulous! Terrific
"TP-Link Archer C20 AC WiFi 750 MBPS Wireless Router??(Blue, Dual Band)",Archer,4.224310776942356,1599.0,798,Worth every penny Wonderful Got a good router after doing a lot of research! Very Good Router Worth the money Excellent Product at Reasonable Price Good quality product Terrific Wonderful Awesome
"TP-Link Archer C24 Multi-Mode 750 Mbps Wireless Router??(White, Dual Band)",Archer,4.090909090909091,1449.0,88,Terrific Worth the money Worthless Brilliant Simply awesome Excellent Delightful Delightful Terrible product Waste of money!
"TP-Link Archer C6 MU-MIMO Gigabit 1200 Mbps Wireless Router??(Black, Dual Band)",Archer,4.141791044776119,2699.0,134,Good quality product Really Nice Mind-blowing purchase Worth every penny Excellent Terrific purchase Nice product Best in the market! Excellent Pretty good
"TP-Link TL-WA850RE(IN) 300 Mbps WiFi Range Extender??(White, Single Band)",Other,4.311111111111111,1469.0,90,Awesome Awesome product Pretty good product Pretty good Mind-blowing purchase Good product - enhances range Awesome Simply awesome Terrific Excellent product with great build quality
TW00ZR347 Analog Watch  - For Men,Analog Watch,4.355,599.0,200,Nan Nan Nan Nan Nan Nan Nan Nan Nan Nan
TW0TG7304 Analog Watch  - For Men,Analog Watch,4.475,649.0,240,Nan Nan Nan Nan Nan Nan Nan Nan Nan Nan
"TWISTO Lint Cutter for Clothes & Sweater Fabric Shaver, NOVA Lint Shaver Under 5",TWISTO Lint,4.341463414634147,450.0,41,Very poor Very Good Highly recommended Worth every penny Excellent Excellent Nice Fabulous! Highly recommended Wonderful
TXOR NEXUS with Heart Rate & BP Monitor 35mm Screen Black Smartwatch(Black Strap,TXOR NEXUS,2.6285714285714286,759.0,35,Highly recommended Best in the market! Waste of money! Expected a better product Unsatisfactory Did not meet expectations Mind-blowing purchase Unsatisfactory Worth every penny Not recommended at all
TYF CRICKET BAT POPLAR WILLOW FULL SIZE CRICKET BAT Poplar Willow Cricket Bat Po,TYF CRICKET,3.4,520.0,20,Waste of money! Terrible product Just okay Good choice Terrific purchase Good quality product Terrific purchase Must buy! Bad quality Mind-blowing purchase
"Tankit 360 degree Spin Mop With 6 Refills, Durable Bucket With Extendable Handle",Tankit degree,3.6714285714285713,799.0,420,Mind-blowing purchase Pretty good Mind-blowing purchase Mind-blowing purchase Mind-blowing purchase Terrific purchase Just okay Pretty good Brilliant Good quality product
Tanunni Mobile Holder Mobile Holder,Tanunni Mobile,4.421875,171.0,1024,Brilliant Decent product Super! Worth every penny Excellent Best in the market! Highly recommended Excellent Brilliant Nice product
Tanunni Mobile Holder Red Color Mobile Holder,Tanunni Mobile,4.370786516853933,155.0,89,Brilliant Decent product Super! Worth every penny Excellent Best in the market! Highly recommended Excellent Brilliant Nice product
"Tata Sky (Works with all TV) Tatasky set top box, Tatasky SD set top box, Tatask",Tata Sky,3.9,209.0,10,Not recommended at all Awesome Brilliant Awesome Just okay Terrific purchase Great product Perfect product! Useless product Nice product
Tata Sky Tatasky 03 Dth Univeral SD / HD Set Up Box Remote Controller with Batte,Tata Sky,3.6226415094339623,205.0,53,Worst experience ever! Horrible Classy product Very Good Decent product Fabulous! Great product Does the job Really Nice Terrific purchase
Tata Sky Tatasky Old model DTH Compatible Setup box Remote- Black Tata Sky Remot,Tata Sky,3.9210526315789473,210.0,38,Brilliant Really Nice Value-for-money Wonderful Classy product Useless product Very poor Value-for-money Good choice Fabulous!
The Moms Co. Natural Vita Rich Face Care Kit for Skin Brightening | Daily Skin C,The Moms,4.458333333333333,629.0,72,Brilliant Mind-blowing purchase Fabulous! Worth the money Classy product Terrific purchase Not good Just wow! Terrific Terrific
"Theme My Party Printed Birthday decoration combo kit, birthday combo Balloon(Mul",Theme Party,4.4,245.0,200,Super! Value-for-money Good choice Good quality product Really Nice Brilliant Does the job Wonderful Awesome Terrific purchase
Thomson Alpha 80 cm (32 inch) HD Ready LED Smart Linux TV with 30 W Sound Output,Thomson Alpha,4.505833333333333,7999.0,1200,Great product Brilliant Super! Terrific purchase Terrific Worth every penny Fabulous! Super! Affordable price with good features and quality Super!
Thomson Deluxe Plus 1600 W Steam Iron??(Brown and White),Thomson Deluxe,4.148514851485149,849.0,101,Just wow! Terrific purchase Utterly Disappointed Best in the market! Excellent Terrific purchase Fabulous! Highly recommended Great product Decent product
"Thomson Kitchen Master MX01 500 W Mixer Grinder (3 Jars, White)",Thomson Kitchen,4.134831460674158,1399.0,89,Brilliant Good quality product Excellent Classy product Brilliant Brilliant Really Nice Good quality product Highly recommended Perfect product!
"Thomson Kitchen Master Pro+ MX03 750 W Juicer Mixer Grinder (6 Jars, Grey)",Thomson Kitchen,3.9466403162055337,2709.0,506,Terrific purchase Worth every penny Simply awesome Great product Just wow! Good choice Hated it! Horrible Not good Terrific purchase
Tomex Grey Plastic Broom Holder(5 Holders),Tomex Grey,4.1,399.0,20,Utterly Disappointed Does the job Nice Terrific purchase Highly recommended Awesome Mind-blowing purchase Perfect product! Fair Great product
"Torche Scholar study table ,desktop table,office table Solid Wood Study Table(Fr",Torche Scholar,4.357142857142857,4293.0,42,Best in the market! Terrific Brilliant Terrific purchase Excellent Brilliant Excellent Must buy! Fabulous! Must buy!
Toyvala Unique Robot Deform Super Speed Car With 3D Special Light (Yellow)??(Mul,Toyvala Unique,4.076190476190476,499.0,210,Really Nice Good Terrific Does the job Great product Brilliant Perfect product! Mind-blowing purchase Just wow! Fabulous!
"Trend TE-Magic Silicone Dish Washing Gloves, Silicon Cleaning Gloves, Silicon Ha",Trend Silicone,3.52,222.0,100,Excellent Good Great product Hated it! Value-for-money Must buy! Decent product Great product Worst experience ever! Very Good
Trixzoom Solid Ultimate Pastel Rose Gold Happy Birthday Decoration Set - 119 Pcs,Trixzoom Solid,3.86,399.0,200,Worth the money Wonderful Worth every penny Brilliant Perfect product! Excellent Highly recommended Classy product Perfect product! Fabulous!
Tryka 5730 Led Strip/Cove Light 72 Led/Meter-6 Meters color:Warm White with 1 ad,Tryka Led,3.6333333333333333,522.0,30,Super! Best in the market! Perfect product! Terrific Must buy! Terrific Useless product Mind-blowing purchase Wonderful Terrific purchase
ULTRA Grind+Gold 2.0 L Wet Grinder??(Purple),ULTRA,4.19,9190.0,100,Terrific Awesome Fabulous! Terrific purchase Excellent Brilliant Good choice Brilliant Very Good Decent product
"ULTRA Mini Wet Grinder??(Purple, White)",ULTRA Mini,4.333333333333333,7690.0,27,Classy product Wonderful Perfect product! Perfect product! Brilliant Super! Pretty good Just wow! Super! Value-for-money
"ULTRA Perfect + 2.0 L Wet Grinder??(Purple, White)",ULTRA Perfect,4.12,10790.0,100,Worth the money Brilliant Slightly disappointed Terrific purchase Good Really Nice Pretty good Horrible Excellent Good
"UNIQUE Black Table lamp Table Lamp(25 cm, Black)",UNIQUE Black,4.2,298.0,200,Excellent Worth every penny Must buy! Perfect product! Wonderful Value-for-money Awesome Wonderful Simply awesome Great product
UPC Upgraded Hands Free Squeeze Microfiber Flat Spin Mop 360 Flexible Head - Gre,UPC Upgraded,4.04,1260.0,700,Must buy! Mind-blowing purchase Classy product Fabulous! Worth every penny Mind-blowing purchase Super! Brilliant Value-for-money Unsatisfactory
UPC Upgraded Hands-Free Squeeze Microfiber Flat Spin Mop System 360 Flexible Hea,UPC Upgraded,4.088235294117647,1242.2857142857142,238,Must buy! Excellent Bad quality Classy product Highly recommended Delightful Worthless Classy product Terrific purchase Great product
"URBANYOG Hair Removal Cream Spray for Womens Hand, Leg & Under Arm, Painless Hai",URBANYOG Hair,4.54,499.0,100,Super! Wonderful Just wow! Awesome Best in the market! Perfect product! Just wow! Mind-blowing purchase Worth every penny Terrific purchase
"US DZIRE  155 Fancy Wooden Ceiling Lights,Hanging Lamps,( With Gold Bulb )Ceilin",DZIRE,4.227848101265823,343.0,79,Good choice Classy product Terrific purchase Fabulous! Highly recommended Terrific Highly recommended Pretty good Perfect product! Perfect product!
US DZIRE  401 Hanging lamp electric antique Wooden Ceiling Lights(With Gold Bulb,DZIRE,4.4222222222222225,440.0,45,Perfect product! Great product Worth the money Terrific purchase Perfect product! Terrific Very Good Wonderful Brilliant Fabulous!
US DZIRE  512 Ganeshji craft Ceiling light wooden lamp shade (With Bulb) Hanging,DZIRE,4.75,440.0,100,Classy product Mind-blowing purchase Must buy! Perfect product! Brilliant Highly recommended Excellent Just wow! Super! Simply awesome
US DZIRE 431 Hanging lamp electric antique Wooden Ceiling Lights(With Gold Bulb),DZIRE,4.3,890.0,100,Fabulous! Really Nice Pretty good Perfect product! Wonderful Terrific Terrific Highly recommended Nice product Must buy!
US DZIRE Pendants Ceiling Lamp(Brown),DZIRE Pendants,4.42,450.0,100,Mind-blowing purchase Awesome Awesome Must buy! Simply awesome Terrific purchase Simply awesome Fabulous! Best in the market! Brilliant
USHA 3815 HI Water Proof 1.5KW 1500 W Immersion Heater Rod??(water),USHA,4.071428571428571,684.0,28,Wonderful Perfect product! Must buy! Fabulous! Utterly Disappointed Value-for-money Excellent Expected a better product Super! Waste of money!
"USHA FP 3810_ 1000 W Food Processor(Black, Silver)",USHA,3.8306451612903225,9990.0,124,Simply awesome Wonderful Mind-blowing purchase Perfect product! Great product Pretty good Worth every penny Simply awesome Best in the market! Fabulous!
"USHA FP 3811_ 1000 W Food Processor(Black, Silver)",USHA,3.67,11500.0,100,Terrific Worth every penny Awesome Brilliant Fair Best in the market! Value-for-money Decent product Terrific Really Nice
"Unicrafts Shelf Organizers(Black, Cotton)",Unicrafts Shelf,3.2,178.0,10,Terrific purchase Fabulous! Value-for-money Decent product Expected a better product Terrible product Unsatisfactory Good Just okay Wonderful
Unique designed professioal and luxury style different 005 Analog Watch  - For M,Unique designed,4.36,269.0,100,Nan Nan Nan Nan Nan Nan Nan Nan Nan Nan
"Urban Home 214 cm (7.02 ft) PVC Transparent Door Curtain Single Curtain(Solid, O",Urban Home,3.2777777777777777,199.0,90,Classy product Wonderful Best in the market! Terrific purchase Brilliant Good quality product Excellent Did not meet expectations Worst experience ever! Did not meet expectations
"Urban Terrain BOLT UT5000S26 Steel MTB-Disc Brakes, Free Installation & OneFitPl",Urban Terrain,4.44,7609.0,100,Perfect product! Highly recommended Classy product Classy product Pretty good Classy product Great product Classy product Pretty good Fabulous!
Urban Terrain Berlin with Complete Accessories & Mobile Tracking App 27.5 T Hybr,Urban Terrain,4.51,6949.0,200,Fabulous! Super! Brilliant Terrific Brilliant Delightful Wonderful Terrific Highly recommended Just okay
Urban Terrain Denver with Complete Accessories & Mobile Tracking App 27.5 T Hybr,Urban Terrain,4.51,6719.0,200,Fabulous! Super! Brilliant Terrific Brilliant Delightful Wonderful Terrific Highly recommended Just okay
Urban Terrain Rio with Complete Accessories & Mobile Tracking App 26 T Hybrid Cy,Urban Terrain,4.552763819095477,5499.0,199,Terrific Perfect product! Excellent Nice product Simply awesome Brilliant UT7002S26 model is a no-nonsense bicycle...worth buying Good quality product Just wow! Perfect product!
V S Enterprise Enterprise Romantic Sky Star Master Night Light Projector Baby Sl,Enterprise,4.154929577464789,364.0,71,Just wow! Good quality product Fair Wonderful Awesome Must buy! Excellent Good Worth the money Great product
V-Guard Prime 1150 Pure Sine Wave Inverter,Prime,4.391304347826087,6591.0,437,Classy product Mind-blowing purchase Wonderful Must buy! Mind-blowing purchase Wonderful Worth every penny Mind-blowing purchase Delightful Awesome
VEDRID 10Watt LED Ceiling Down Light White Round (Pack of 12) Recessed Ceiling L,VEDRID LED,3.6818181818181817,899.0,22,Mind-blowing purchase Hated it! Classy product Good choice Terrific purchase Did not meet expectations Don't waste your money Unsatisfactory Best in the market! Nice
VERMI COMPOST 10 Kg of Pure Natural ORGANIC Cow Dung Dry Manure Powder Manure Po,VERMI COMPOST,2.6586206896551725,95.0,290,Worth every penny Value-for-money Wonderful Utterly Disappointed Bad quality Hated it! Utterly Disappointed Waste of money! Waste of money! Terrible product
VIBOTON HDMI Switch 2 Port Bi-Directional Manual HDMI hub 2 in 1 Out or 1 in 2 O,VIBOTON HDMI,3.8666666666666667,427.0,30,Best in the market! Terrific Wonderful Excellent Very Good Good Mind-blowing purchase Perfect product! Delightful Decent product
VICTORY Cricket Wind Ball (Pack of 1) - Made in India Smooth Cricket Cricket Syn,VICTORY Cricket,4.4375,79.0,16,Terrific purchase Mind-blowing purchase Terrific Terrific purchase Don't waste your money Really Nice Simply awesome Moderate Worth every penny Best in the market!
VICTORY Heavy Plastic Cricket Stumps Set(Blue),VICTORY Heavy,4.4,299.0,100,Must buy! Simply awesome Brilliant Brilliant Just wow! Simply awesome Excellent Classy product Great product Fabulous!
VICTORY Medium Weight ( Pack of 1 ) Rubber Cricket Tennis Ball Cricket Rubber Ba,VICTORY Medium,3.4782608695652173,59.0,46,Terrific Super! Waste of money! Awesome Does the job Terrible product Waste of money! Waste of money! Hated it! Terrible product
"VICTORY Professional Wrist Wrap Band , Wrist Strap For Gym and Fitness Wrist Sup",VICTORY Professional,4.50968992248062,109.0,1548,Super! Wonderful Best in the market! Worth the money Fabulous! Best in the market! Fabulous! Nice product Terrific purchase Good quality product
"Value Adds Wall Mount Set Top Box Iron Wall Shelf (Number of Shelves - 1, Black)",Value Adds,3.99,195.0,100,Just wow! Good choice Slightly disappointed Delightful Mind-blowing purchase Horrible Good quality product Excellent Horrible Fabulous!
"Velvet Embroidered Gold, Maroon Men Dupatta",Velvet Embroidered,4.433333333333334,239.0,30,Nan Nan Nan Nan Nan Nan Nan Nan Nan Nan
Velvet Embroidered Maroon Men Dupatta,Velvet Embroidered,3.8333333333333335,241.0,18,Nan Nan Nan Nan Nan Nan Nan Nan Nan Nan
Velvet Self Design Maroon Men Dupatta,Velvet Self,4.42,251.3,100,Nan Nan Nan Nan Nan Nan Nan Nan Nan Nan
"Velvet Self Design, Embellished Maroon Men Dupatta",Velvet Self,4.4,359.0,10,Nan Nan Nan Nan Nan Nan Nan Nan Nan Nan
"Velvet Self Design, Embroidered Maroon Men Dupatta",Velvet Self,4.7,423.0,10,Nan Nan Nan Nan Nan Nan Nan Nan Nan Nan
"Vero Forza Glide PRO (4 Piece) Thumb & Finger Sleeve for Mobile Game, Pubg, Cod,",Vero Forza,4.37,284.0,100,Terrific purchase Excellent Perfect product! Just wow! Just wow! Pretty good Pretty good Awesome Very Good Decent product
"Verona LAPTOP TABLE FOLDABLE001 Wood Portable Laptop Table(Finish Color - Black,",Verona LAPTOP,3.63,555.0,100,Value-for-money Just okay Worth every penny Excellent Worth every penny Terrific Pretty good Fabulous! Terrific purchase Simply awesome
"Viscose Blend Solid, Self Design Beige Men Dupatta",Viscose Blend,4.9,369.0,10,Nan Nan Nan Nan Nan Nan Nan Nan Nan Nan
"Viscose Blend Solid, Self Design Black Men Dupatta",Viscose Blend,4.9,369.0,10,Nan Nan Nan Nan Nan Nan Nan Nan Nan Nan
"Viscose Blend Solid, Self Design Dark Blue Men Dupatta",Viscose Blend,4.9,369.0,10,Nan Nan Nan Nan Nan Nan Nan Nan Nan Nan
"Viscose Blend Solid, Self Design Grey Men Dupatta",Viscose Blend,4.9,369.0,10,Nan Nan Nan Nan Nan Nan Nan Nan Nan Nan
Viscose Blend Striped Gold Men Dupatta,Viscose Blend,4.3,339.0,10,Nan Nan Nan Nan Nan Nan Nan Nan Nan Nan
Viscose Blend Striped Grey Men Dupatta,Viscose Blend,4.3,339.0,10,Nan Nan Nan Nan Nan Nan Nan Nan Nan Nan
Voltas Beko DF14W Free Standing 14 Place Settings Intensive Kadhai Cleaning| No ,Voltas Beko,4.0394736842105265,31590.0,152,Highly recommended Worth the money beyond satisfactory Awesome Nice product Delightful Excellent Nice product Fabulous! Very Good
Voltas Beko DT8B Free Standing 8 Place Settings Intensive Kadhai Cleaning| No Pr,Voltas Beko,4.37,20990.0,100,Brilliant Super! Must buy! Worth every penny Really Nice Value-for-money Super! Nice product for family of 4 Simply awesome Good quality product
Voltas Beko DT8S Free Standing 8 Place Settings Dishwasher,Voltas Beko,4.518518518518518,23479.0,27,Mind-blowing purchase Mind-blowing purchase Awesome Great product Mind-blowing purchase Excellent Simply awesome Highly recommended Really Nice Must buy!
WD 1.5 TB Wired External Hard Disk Drive (HDD)(Black),Other,4.160953800298063,4449.0,671,Wonderful Great product Terrific purchase Worth every penny Terrific purchase Fabulous! Nice product Great!..Must buy! Super! Terrific
WD Elements 2 TB Wired External Hard Disk Drive (HDD)(Black),Elements,4.405405405405405,5499.0,148,Wonderful Great product Terrific purchase Worth every penny Terrific purchase Fabulous! Nice product Great!..Must buy! Super! Terrific
"WONDERCHEF Nutri Pot Electric Pressure Cooker??(3 L, Black & Silver)",WONDERCHEF Nutri,3.9,6099.0,20,Wonderful Worth every penny Value-for-money Just okay Terrific Terrific Just okay Terrific Did not meet expectations Awesome
WONDERCHEF Nutri-blend FP-Compact 350 W Food Processor(Black),WONDERCHEF,2.7333333333333334,4499.0,15,Really Nice Very poor Expected a better product Does the job Mind-blowing purchase Not recommended at all Not good Simply awesome Horrible Must buy!
Whirlpool CLASSIC CF 60 BK HOOD 60 cm 750 m??/hr Wall Mounted Chimney??(Black 75,Whirlpool CLASSIC,4.290909090909091,5298.0,55,Good choice Brilliant Value-for-money Fabulous! Fabulous! Terrible product Best in the market! Worth every penny Just wow! Did not meet expectations
Whiteray Leaf Design CLuster Lotus Chandelier for home decoration Pendants Ceili,Whiteray Leaf,4.08,881.0,100,Perfect product! Very Good Terrific purchase Fabulous! Fair Just wow! Value-for-money Decent product Fabulous! Pretty good
"Woodbuzz Engineered Wood Study Table(Free Standing, Finish Color - Frosty White ",Woodbuzz Engineered,3.73,3307.0,100,Worth the money Super! Wonderful Pretty good Value-for-money Best in the market! Super! Pretty good Fabulous! Awesome
"Woodbuzz Engineered Wood Study Table(Free Standing, Finish Color - Walnut, Knock",Woodbuzz Engineered,4.349206349206349,14146.0,63,Highly recommended Worth every penny Excellent Highly recommended Must buy! Pretty good Awesome Mind-blowing purchase Must buy! Perfect product!
"Woodbuzz Engineered Wood Study Table(Free Standing, Finish Color - Wenge Brown, ",Woodbuzz Engineered,3.7588235294117647,3307.0,170,Worth the money Super! Wonderful Pretty good Value-for-money Best in the market! Super! Pretty good Fabulous! Awesome
"Woodbuzz Engineered Wood Study Table(Free Standing, Finish Color - White, Knock ",Woodbuzz Engineered,4.349206349206349,14146.0,63,Highly recommended Worth every penny Excellent Highly recommended Must buy! Pretty good Awesome Mind-blowing purchase Must buy! Perfect product!
X ZINI Infrared Induction Helicopter Sensor Aircraft USB Charger 2 in 1 Flying H,ZINI Infrared,2.3125,399.0,16,Highly recommended Just okay Horrible Could be way better Terrible product Great product Value-for-money Moderate Expected a better product Useless product
"XAMILE Rose Diamond Table Lamp,16 Color Changing RGB Touch & Remote Control Tabl",XAMILE Rose,4.383561643835616,476.0,73,Highly recommended Great product Simply awesome Fabulous! Very Good Awesome Excellent Terrific purchase Good choice Wonderful
"Yogini 144 TC Microfiber Double Geometric Flat Bedsheet(Pack of 1, Red)",Yogini,4.081081081081081,271.0,37,Terrible product Delightful Terrific purchase Best in the market! Hated it! Very poor Wonderful Moderate Worth every penny Classy product
Yutiriti 10 Pc Round Hanging Ball Paper Lantern Multicolor Paper Hanging Lantern,Yutiriti,3.44,497.0,50,Brilliant Wonderful Fabulous! Good choice Super! Good choice Classy product Terrific purchase Utterly Disappointed Must buy!
ZANDU Balm (25 ml) Pack Of 3 Balm(3 x 25 ml),ZANDU Balm,4.592,216.0,250,Perfect product! Delightful Must buy! Terrific purchase Terrific purchase Great product Delightful Terrific purchase Classy product Great product
"ZEBRONICS ZEB-BT701 RUCF 70 W Bluetooth Home Theatre(Black, 7.1 Channel)",ZEBRONICS RUCF,3.9381443298969074,2999.0,97,Super! Fabulous! Terrific purchase Mind-blowing purchase Wonderful Great product Classy product Nice Good choice Very Good
"ZUNBELLA 3D Super Transparent Car Toy, Car Toy for Kids with 360 Degree Rotation",ZUNBELLA Super,3.66,315.0,100,Mind-blowing purchase Very poor Nice Product.... Nice Worth every penny Fair Nice product Highly recommended Value-for-money Very Good
"Zoby Fabric Sofa(Finish Color - Blue, Pre-assembled)",Zoby Fabric,4.071428571428571,799.0,14,Mind-blowing purchase Wonderful Super! Great product Mind-blowing purchase Good Value-for-money Perfect product! Really Nice Absolute rubbish!
Zofiy 6 Layer Metal Frame Clothes Organizer - Maroon PP Collapsible Wardrobe(Fin,Zofiy Layer,3.4,655.0,100,Awesome Wonderful Awesome Wonderful Must buy! Great product Super! Great product Nice product Simply awesome
"ZunVolt Power MG5 500 Mixer Grinder (3 Jars, White)",ZunVolt Power,5.0,1290.0,10,Great product Terrific purchase Must buy! Worth every penny Simply awesome Perfect product! Classy product Awesome Awesome Perfect product!
"aniket 180 TC Polycotton Double Printed Flat Bedsheet(Pack of 1, Multicolor)",aniket,4.2592592592592595,228.0,108,Excellent Best in the market! Super! Perfect product! Excellent Value-for-money Best in the market! Highly recommended Must buy! Wonderful
"aybor calling smartwatch with bluetooth Smartwatch(Black Strap, FREE SIZE)",aybor calling,3.3191489361702127,1656.5,94,Classy product Best in the market! Must buy! Wonderful Terrific purchase Super! Worth every penny Terrific Absolute rubbish! Did not meet expectations
bandhan WLRB5 Pendants Ceiling Lamp(Orange),bandhan Pendants,4.25,203.0,28,Pretty good Terrific Classy product Terrific Worthless Bad quality Brilliant Super! Best in the market! Perfect product!
beaatho Luxury HIGH Back Leatherette Office with Steel Base and Warranty Leather,beaatho Luxury,4.28125,8449.0,32,Classy product Mind-blowing purchase Terrific purchase Best in the market! Very Good Best in the market! Worth every penny Worth every penny Did not meet expectations Pretty good
"boAt 18W Power WCD QC3A Charger combo Compatible with Vivo,Oppo,Gionee,Xiomi,Red",boAt Power,3.73,449.0,400,Brilliant Awesome Worth the money Terrific Best in the market! Utterly Disappointed Perfect product! Brilliant Mind-blowing purchase Worth the money
"boAt Aavante Bar 2000 160 W Bluetooth Soundbar(Premium Black, 2.1 Channel)",boAt Aavante,4.377593360995851,9999.0,241,Delightful Very Good Simply awesome Awesome Value-for-money Awesome Bass!! Loved it!! Best in the market! Simply awesome Terrific purchase Great product
"boAt Aavante Bar 500 Portable Soundbar 10 W Bluetooth Soundbar(Black, Mono Chann",boAt Aavante,4.185,1699.0,200,Bad quality Excellent Simply awesome Very Good Simply awesome Nice Brilliant Mind-blowing purchase Terrific purchase Perfect product!
"boAt Wave Neo with 1.69 inch , 2.5D Curved Display & Multiple Sports Modes Smart",boAt Wave,4.044526901669759,1699.0,1617,Excellent Terrific Worth the money Perfect product! Nice product Classy product Great product Classy product Must buy! Classy product
"cello Pack of 18 Opalware Cello Dazzle Lush Fiesta Opalware Dinner Set, 18 Piece",cello Pack,4.359639233370913,1299.0,8870,Worth the money Fabulous! Mind-blowing purchase Value-for-money Best in the market! Best in the market! Fabulous! Worth the money Worth every penny Excellent
"cello Pack of 18 Opalware Cello Dazzle Tropical Lagoon Opalware Dinner Set, 18 P",cello Pack,4.408333333333333,1299.0,120,Worth the money Fabulous! Mind-blowing purchase Value-for-money Best in the market! Best in the market! Fabulous! Worth the money Worth every penny Excellent
"chawla overseas Red Cotton Carpet(152 cm,  X 214 cm, Rectangle)",chawla overseas,3.37,361.0,100,Delightful Fair Mind-blowing purchase Classy product Worth every penny Just wow! Don't waste your money Great product Absolute rubbish! Not recommended at all
classiconline Wall Mount Corner 5 Tier Engineered Wood Display Unit(Finish Color,classiconline Wall,4.078947368421052,792.0,38,Worth the money Terrific Fabulous! Super! Brilliant Highly recommended Great product Great product Great product Worth the money
colcum Collapsible Wardrobe 88130 Micro Fiber Collapsible Wardrobe(Finish Color ,colcum Collapsible,3.11,1097.0,100,Brilliant Value-for-money Not recommended at all Wonderful Value-for-money Good choice Brilliant Horrible Does the job Mind-blowing purchase
"etmax NANO BLACK 30 W Bluetooth Home Theatre(Black, Stereo Channel)",etmax NANO,4.0,997.0,100,Awesome Super! Simply awesome Good quality product Mind-blowing purchase Perfect product! Fabulous! Best in the market! Super! Worth every penny
"furlay Engineered Wood Study Table(Free Standing, Finish Color - Black, Walnut S",furlay Engineered,4.39,3399.0,200,Wonderful Pretty good Good quality product Awesome Classy product Highly recommended Value-for-money Excellent Must buy! Excellent
ghar ki khushiya 1 LEDs 0.13 m Multicolor Rice Lights(Pack of 1),ghar khushiya,4.22,289.0,100,Waste of money! Value-for-money Simply awesome Perfect product! Highly recommended Terrific purchase Nice product Fair Wonderful Terrific
icrush Set Top Box Stand TV Entertainment Unit Black & red Engineered Wood TV En,icrush Set,4.181818181818182,1709.0,11,Just okay Worth every penny Really Nice Super! Mind-blowing purchase Fabulous! Classy product Pretty good Nice product Worth every penny
"indian armar Engineered Wood Study Table(Free Standing, Finish Color - Black, Ch",indian armar,4.346666666666667,2999.0,75,Delightful Worth every penny Delightful Fabulous! Terrific purchase Worthless Excellent Nice product Worth the money Best in the market!
"kariox 10 Kg Vermicompost, Made from Cow Manure, 100% Organic & Natural Plant Nu",kariox,2.715,95.0,200,Delightful Expected a better product Unsatisfactory Not good Utterly Disappointed Very Good Not recommended at all Useless product Did not meet expectations Highly recommended
"lectose Wood Portable Laptop Table(Finish Color - black, Pre Assembled)",lectose Wood,3.6956521739130435,415.0,46,Fabulous! Excellent Mind-blowing purchase Awesome Nice product Does the job Highly recommended Useless product Does the job Worst experience ever!
liger Dust Cleaning Mop Brush Wet Duster,liger Dust,3.510204081632653,295.0,49,Delightful Very Good Terrible product Nice Good quality product Pretty good Very poor Wonderful Utterly Disappointed Awesome
"limraz furniture Engineered Wood Computer Desk(Straight, Finish Color - brown, P",limraz furniture,4.03,1298.0,100,Value-for-money Good quality product Awesome Good quality product Must buy! Worth the money Worth every penny Highly recommended Mind-blowing purchase Classy product
"limraz furniture L 56 Engineered Wood Study Table(Free Standing, Finish Color - ",limraz furniture,3.4833333333333334,1298.0,300,Terrific Wonderful Must buy! Simply awesome Pretty good but non steady due to length mismatch of legs. Excellent Highly recommended Fabulous! Fair Fabulous!
mCaffeine Coffee Hydrating Face Serum for Glowing Skin with Vitamin E for Sun Pr,mCaffeine Coffee,4.214876033057851,549.0,242,Delightful Just wow! Really Nice Super! Fabulous! Utterly Disappointed Really Nice Not recommended at all Pretty good Don't waste your money
mCaffeine Coffee Moment Festive Skincare Gift Set| Daily Essentials for all skin,mCaffeine Coffee,4.819767441860465,1199.0,172,Excellent Awesome Super! Terrific Just wow! Wonderful Classy product Fabulous! Best in the market! Terrific
mCaffeine Vitamin C Green Tea Face Serum for Glowing Skin with Hyaluronic Acid(4,mCaffeine Vitamin,4.38265306122449,549.0,196,Worth every penny Great product Excellent Classy product Absolute rubbish! Did not meet expectations Worst experience ever! Wonderful Very Good Utterly Disappointed
mi star water proof copper blue 2000 2000 W Shock Proof Immersion Heater Rod??(w,star water,4.277272727272727,436.0,220,Just wow! value for money Great product Excellent Terrific purchase Nice product Very Good Super! Best in the market! Perfect product!
"migwow Stunt Car 360?rotating rolling radio control electric race car, (Blue)??(",migwow Stunt,3.0,495.0,10,Really Nice Decent product Very poor Just okay Super! Terrible product Terrific Wonderful Worthless Worth the money
"pb mandira plant Strawberry Plant(Hybrid, Pack of 1)",mandira plant,3.2777777777777777,129.0,18,Super! Good choice Good quality product Classy product Great product Best in the market! Horrible Waste of money! Classy product Excellent
realme 4k Smart Google TV Stick (Black)??(Black),realme Smart,2.25,3999.0,100,Nice product Worth every penny Fabulous! Waste of money! Fair Nice Fair Great product Classy product Wonderful
"realme Mobile Game Finger Sleeves  Gaming Accessory Kit(Mottled Black, For Andro",realme Mobile,3.22,199.0,100,Awesome Classy product Must buy! Mind-blowing purchase Just okay Classy product Great product Highly recommended Nice product Really Nice
realme Pad X 6 GB RAM 128 GB ROM 11 inch with Wi-Fi+5G Tablet (Glacier Blue),realme Pad,4.299703264094956,27999.0,337,Highly recommended Best in the market! Nice Delightful Value-for-money Terrific purchase Good Highly recommended Must buy! Super!
realme Pad X 6 GB RAM 128 GB ROM 11 inch with Wi-Fi+5G Tablet (Glowing Grey),realme Pad,4.322493224932249,27999.0,369,Highly recommended Best in the market! Nice Delightful Value-for-money Terrific purchase Good Highly recommended Must buy! Super!
realme Smart Tv Stick Media Streaming Device??(Black),realme Smart,3.923076923076923,2999.0,130,Awesome Don't waste your money Good choice Wonderful Very Good Really Nice Fabulous! Nice product Fabulous! Very Good
"realme TechLife 7.5 kg 5 Star Rating Semi Automatic Top Load Black, Grey(RMSA755",realme TechLife,3.9886792452830186,8490.0,265,Terrific purchase Fabulous! Fabulous! Simply awesome Just wow! Did not meet expectations Fabulous! Hated it! Highly recommended Really Nice
sanyasi ayurveda Sanyasi Sehat Tablet - Ayurvedic Medicine For Weight Gain,sanyasi ayurveda,3.7866666666666666,699.0,300,Perfect product! Mind-blowing purchase Fair Terrific purchase Excellent Mind-blowing purchase Fabulous! Value-for-money Worth the money Great product
seva shope Polyresin Incense Holder(Black),seva shope,4.10126582278481,295.0,79,Worth every penny Decent product Simply awesome Decent product Does the job Classy product Really Nice Mind-blowing purchase Utterly Disappointed Highly recommended
"shyokand Fabric Sofa(Finish Color - Red, Pre-assembled)",shyokand Fabric,4.13,475.0,100,Simply awesome Excellent Terrific Very poor Good Terrific purchase Mind-blowing purchase Super! Good quality product Value-for-money
tHemiStO Beginners 8 in 1 Soldering iron Kit 25 W Simple(Flat Tip),tHemiStO Beginners,4.24,232.0,100,Super! Delightful Good quality product Simply awesome Good quality product Worth the money Super products Worth every penny Pretty good Super!
the indian casa Cricket Net 10x20 Feet Nylon Cricket Boundary And Practice Net (,the indian,3.923076923076923,340.0,13,Nice product Waste of money! Value-for-money Excellent Unsatisfactory Awesome Highly recommended Mind-blowing purchase Awesome Mind-blowing purchase
thos 5 Layer Simple Bookshelf/Multipurpose Rack/Children Bookcases/File Rack for,thos Layer,3.3979591836734695,793.2857142857143,490,Good choice Good choice Must buy! Terrific purchase Excellent Classy product Nice Wonderful Worth the money Perfect product!
"vesco Kiddo 14"" Cycle for Kids Bicycles age 3 to 5 Year Boys & Girls 14 T BMX Cy",vesco Kiddo,4.228571428571429,3295.0,35,Must buy! Best in the market! Slightly disappointed Worth every penny Terrific purchase Worth the money Great product Brilliant Expected a better product Mind-blowing purchase
"wood city handicrafts wooden round side coffee table ,end table for living room ",wood city,3.83,359.0,100,Simply awesome Wonderful Simply awesome Brilliant Great product Great product Simply awesome Simply awesome Good Awesome
